filmTitleID,filmTitleValue
1,MISSISSIPPI ROLLS
2,PACIFIC TIME
3,WITH BABIES AND BANNERS
4,MASADA MIGHT FALL AGAIN
5,HOLLYWOOD BLVD.
6,SUGAR COOKIES
7,BLACK SUNDAY
8,CASTLE OF BLOOD
9,8 1/2
10,YOUNG TOPLESS
11,GIRL CRAZY
12,PRESENTING LILY MARS
13,GOLDEN DAWN
14,HEARTS IN DIXIE
15,THE BAT WHISPERS
16,THE GHOUL
17,THE UNDYING MONSTER
18,BRIEF ECSTASY
19,SEVEN SINNERS
20,NON-STOP NEW YORK
21,THE DARE DEVIL REPORTER
22,THE HOLE IN THE WALL
23,THE ROAD BACK
24,IT’S A GIFT
25,SONS OF THE DESERT
26,SHADOW SISTER
27,TWICE UPON A TIME
28,OUTLAW COUNTRY
29,I’LL ALWAYS LOVE YOU
30,SONG OF THE CANARY
31,AN ADVENTURE OF SALVATORE ROSA
32,THE PEDRABLES MURDER RACE
33,THE SPIRIT OF FRANCO
34,LA SIGNORA DI TUTTI
35,KOKO-A TALKING GORILLA
36,ONLY ONCE IN A LIFETIME
37,ZOLZHENITSYN’S CHILDREN
38,WAITING FOR FIDEL
39,I HATE TO LOSE
40,LOG HOUSE
41,THE WALLS COME TUMBLING DOWN
42,THE MAN WHO CAN’T STOP
43,PERSISTENT & FINAGLING
44,THOMAS GRAAL’S BEST FILM
45,TO KILL A CHILD
46,THE TRAIN
47,WET EARTH AND WARM PEOPLE
48,I AM AN OLD TREE
49,SAD SONG OF YELLOW SKIN
50,CHAMELEON
51,BUSH MAMA
52,HARVEST: 3000YEARS
53,THE BOSS’ SON
54,GRAND OPERA
55,THE BROTHERS LIONHART
56,KNIFE IN THE HEAD
57,MEETINGS WITH ANNA
58,ALEXANDRIA WHY?
59,HITLER: A FILM FROM GERMANY
60,THE IDLERS OF THE FERTILE VALLEY
61,GATES OF HEAVEN
62,FAMILY-SOUNDTRACK
63,SUGAR
64,MOUNTAIN PASS
65,DONA FLOR AND HER TWO HUSBANDS
66,THE LADY IN THE BUS
67,THE LAST WOMAN
68,THE WEDDING MARCH
69,THE MAN WITH THE BALLOONS
70,ENTHUSIASM
71,FORWARD SOVIET
72,ZVENIGORA
73,ASPARAGUS
74,LA REGION CENTRALE
75,ANEMIC CINEMA
76,L'Age D'Or
77,ETOILE DE MER
78,LAND WITHOUT BREAD
79,NINOTCHKA
80,MASQUERADE
81,I CONFESS
82,POSSESSED
83,SEVEN SAMURAI
84,THE MOST BEAUTIFUL
85,NO REGRETS FOR OUR YOUTH
86,NICARAGUA FREE HOMELAND OR DEATH
87,HE WANTS HER BACK
88,OUR HITLER. . .
89,MURIEL
90,RAK
91,HITLER
92,FINGERS
93,DEL CORAZON
94,GARLIC IS AS GOOD AS TEN MOTHERS
95,HOUSE OF 7 GABLES
96,The Camera:Je or La Camera:I
97,PASTORAL
98,HIDE AND SEEK
99,CHARLES DEAD OR ALIVE
100,LA SALAMANDRE
101,MIDDLE OF THE WORLD
102,JONAH WILL BE 25 IN THE YEAR 2000
103,MESSIDOR
104,THE NEW KLAN
105,BEFORE NEED
106,NORTHERN LIGHTS
107,THE FIRST TEACHER
108,THE FEROCIOUS ONE
109,A NEST OF GENTLE FOLK
110,THE SLAVE OF LOVE
111,TRINDADE
112,THE BLACK PANTHER
113,BACKROADS
114,LOVE LETTERS FROM TERALBA ROAD
115,MY SURVIVAL AS AN ABORIGINAL  PROTECTED
116,NORTH TCHAD
117,THE HOLOCAUST RESEARCH PROJECT
118,[Unknown]
119,THE LAST SUPPER
120,PORTRAIT OF TERESA
121,DEATH OF A BUREAUCRAT
122,THE SURVIVORS
123,PERCEVAL
124,HORIZONS
125,BYE BYE BAVARIA
126,THE YOUNG MONK
127,S.F. ZEPHYR
128,DIARY OF A LOVER
129,FIFTY-FIFTY
130,FROM HERE TO ETERNITY
131,LINEAGE
132,THE SILENT CRY
133,THE OPPRESSION OF WOMEN...
134,A SIMPLE EVENT
135,FAR FROM HOME
136,FOOTBALL (SOCCER)
137,DISAPPEARED
138,THE BLIND SWORDSMAN
139,IRACEMA
140,THE LITTLE GODARD
141,POTO AND CABENGA
142,THE MIDDLE OF THE ROAD IS A VERY DEAD END
143,THE COMMANCHE
144,ACT OF MURDER
145,KINGDOM OF NAPLES
146,ALL I DESIRE
147,ALL THAT HEAVEN ALLOWS
148,THE FOUNDLING
149,SHADOW RIDER
150,THE WOOBBLIES
151,LENZ
152,Z
153,FLOORSHOW
154,HAPPIEST DAYS OF YOUR LIFE
155,INSPECTOR CALLS
156,REGENERATION
157,THE YELLOW TICKET
158,ROAD TO GLORY
159,PLOUGH AND STARS
160,THE GROWLER STORY
161,SHIP OF LOST MEN
162,YOUNG GIRLS IN DISTRESS
163,Singin in the Rain
164,SONG OF THE STREET
165,MOVIES OUT OF THIN AIR
166,ONE MORE SPRING
167,HOOPLA
168,TURNED OUT NICE AGAIN
169,KING OF Z
170,PASSIONATE FRIENDS
171,WRONG WAY OUT
172,STORY OF ANNA O
173,STONY ISLAND
174,VIXEN
175,MUDHONEY
176,"FASTER PUSSYCAT, KILL, KILL"
177,SPIRIT OF THE WIND
178,FULL MOON LUNCH
179,FARM SONG
180,PENITENTIARY
181,DER BOMBERPILOT
182,MARIA MALIBRAN
183,PEEPING TOM
184,SMALL BACK ROOM
185,MAN OF MARBLE
186,FUNNY FACE
187,LIARS DICE
188,EXPOSURE
189,A Child’s Voice
190,JUMP STREET
191,RACE
192,THE PERALBES MURDERER
193,LE ROUGE DE CHINE
194,JOURNEYS FROM BERLIN / 1971
195,THAMPU KUMM ATTY
196,TESTIMONIALS FOR KLARA HEYDEBRECK
197,UNDER LANDMARK PROTECTION
198,TADELLOESER & WOLFF (RIGHT OR WRONG: MY COUNTRY)
199,UNDER THE MEN’S TREE
200,THE WEDDING CAMELS
201,WERNER HERZOG EATS HIS SHOE
202,THE HOUSE-OPENING
203,LORANG’S WAY
204,ON COMPANY BUSINESS
205,THE SCANDALOUS ADVENTURES OF BURAIKAN
206,DOUBLE SUICIDE
207,PRIMAL FEAR
208,MACBETH
209,QUILTS IN WOMEN’S LIVES
210,BATTLE OF WESTLANDS
211,92 IN THE SHADE
212,VIA SOUND
213,HOME
214,MANA’S WORLD
215,NEW YORK STUDIES///VENEZIA///
216,DRAGSTRIP GIRLS
217,GIRLS IN PRISON
218,BUCK JONES SERIAL
219,RIDERS OF THE PURPLE SAGE
220,BAR 20 RIDES AGAIN
221,VIETNAM: AN AMERICAN JOURNEY
222,CORRIGAN
223,HAVING RECOVERED
224,A CUP OF TEA
225,VIEW FROM REARDON
226,VISIT
227,WAX EXPERIMENTS
228,STAFFS
229,SPIRITUAL CONSTRUCTION
230,SPIRALS
231,STUDY #llA
232,VINKA
233,CIGARETTE ANIMATION
234,MURATTI MARCHES ON
235,SQUARES
236,COMPOSITION IN BLUE
237,TESTS
238,COLOR RHYTHM
239,RADIO DYNAMICS
240,ORGANIC FRAGMENT
241,MUTOSCOPE REELS
242,STUDY #3
243,STUDY #8
244,KREISE
245,MOULIN ROUGE
246,BELOVED ROGUE
247,SHOOTING STARS
248,THURSDAY’S CHILD
249,HOLLYWOOD BLVD
250,JUST PALS
251,HANGMAN’S HOUSE
252,FOUR SONS
253,LESTER GOODWIN’S OBJECTIVE BURMA
254,TRIALS OF ALGER HISS
255,LAST OF THE BLUE DEVILS
256,NIGHTS OF CABIRIA
257,AMERICAN TORSO
258,LIFE AND TIMES OF ROSIE THE RIVETER
259,BADLANDS
260,OUT OF IT
261,EL SALVADOR: REVOLUTION OR DEATH
262,NICARAGUA 1979 SCENES FROM THE REVOLUTION
263,TAKING BACK DETROIT
264,INDIA
265,WILD AND WOOLEY
266,ARE PARENTS PEOPLE?
267,WOMAN OF THE YEAR
268,ORCHIDS AND ERMINE
269,HOLIDAY FOR HENRIETTE
270,HOLIDAY CAMP
271,HOLI
272,IMPATIENT MAIDENS
273,WHILE PARIS SLEEPS
274,HIS WOMAN
275,STIIL MOVIE
276,PRAEPARAT
277,LIKE THE TRAIN IS PASSING
278,CORRESPONDENCE
279,HELIOGRAPHY
280,SUMMER IS GONE
281,CISCO KID
282,THUNDER TRAILS
283,A KISS FOR CINDERELLA
284,LIGHTNING OVER WATER
285,LE CHEMIN PERDU
286,CRAZY
287,THE WHOLE LIFE IS CRAZY
288,AND ABOUT MY VOYAGES
289,RODEO
290,PERILS OF PRISCILLA
291,CRYSTALLIZATION
292,PIGS
293,WAITING FOR MAY
294,SEEMS LIKE ONLY YESTERDAY
295,ESTUARY
296,CLOUD FRAGMENTS
297,SEA SHORE
298,CONFIDENCE AND FATHER
299,TELL ME A RIDDLE
300,SIEGFRIED
301,SPIES
302,THE COLD EYE
303,(MY DARLING BE CAREFUL)
304,SPRING RIVER FLOWS
305,LE ROSE ET LE BLANC
306,YOJIMIBO
307,CONFLAGRATION
308,THE HAUNTING OF M
309,CHARLIE BUBBLES
310,GUMSHOE
311,PURSUED
312,A MATTER OF DESTINY
313,AQUEERIUS
314,MONGOLOID
315,NOCTURNAL IMMACULATION
316,SYMPHONY OF A SINNER
317,CRIMINAL
318,CONSERVATION
319,BENEFICIARY
320,OVER HERE
321,ON A PAVING STONE MOUNTAIN
322,LAMENT FOR ART O’LEARY POTEEN
323,CHRISTIMAS MORNING
324,WHEELS
325,KINKISHA
326,IT’S HANDY
327,WHEN PEOPLE DON’T DIE
328,EMTIGON
329,WITHDRAWAL
330,DOWN THE CORNER
331,BEAUTY BECOMES THE BEAST
332,SHE HID HER GUN ALREADY
333,WILLIE BUSCH REPORT
334,BODY & SOUL
335,STAGEFRIGHT
336,GODARD ‘80
337,SPROUT WINGS AND FLY
338,THE POLKA FILM
339,HERZOG GOES PERU
340,REPEATER
341,THE CANDIDATE
342,"DRIVE, HE SAID"
343,BLUES LIKE SHOWERS OF RAIN
344,JAZZ IS OUR RELLGION
345,ST. LOUIS BLUES
346,BLACK & TAN
347,AFTER HOURS
348,NOTHING TO LOSE
349,JASON AND THE ARGONAUTS
350,WHO’LL STOP THE RAIN
351,ROAD MOVIE
352,THE SHINING
353,THE BEATS: AN EXISTENTIAL COMEDY
354,PULL MY DAISY
355,A SUNDAY IN HELL
356,GOOD AND EVIL
357,PADDY
358,AMATEUR DADDY
359,DEVIL’S LOTTERY
360,NELL GWYN
361,SPRING IN PARK LANE
362,CATHERINE
363,LA P’TITE LILI
364,THE MILKY WAY
365,TIGER ROSE
366,"OVER-UNDER, SIDEWAYS-DOWN"
367,CHAN IS MISSING
368,PELICULA O MUERTA
369,KLASH STRUGGLES
370,"FEELING GOOD, FEELING PROUD"
371,CONVERSATIONS WITH WILLARD VAN DYKE
372,UNDERGROUND
373,QUIET WEDDING
374,WE DIVE AT DAWN
375,D. W. GRIFFITH
376,UNCLE VANYA
377,SLAVE OF LOVE
378,GUN CRAZY
379,SO DARK THE NIGHT
380,MY NAME IS JULIA ROSS
381,MISSING
382,CITYS CAPE CITIES
383,LAST YEARS OF CHILDHOOD
384,DIVIDED LOYALTIES
385,NOBLESSE OBLIGE
386,PERSONAL BEST
387,SHADOW OF A DOUBT
388,IT CANT BE WINTER WE HAVENT HAD SUMMER YET
389,CORDELIA
390,LONG SHOT
391,PRAISE MARX AND PASS THE AMMUNITION
392,CHANNELS/INSERTS
393,PLOW THAT BROKE THE PLAINS
394,TROUBLEMAKERS
395,IN THE COUNTRY
396,THE EDGE
397,AGITATI0N & PROPAGANDA #505
398,PIG POWER
399,ICE
400,MILESTONE
401,SCENES FROM THE CLASS
402,STRUGGLE IN PORTUGAL
403,NUREMBERG TRIALS
404,FIGHT FOR LIFE
405,THIEVES LIKE US
406,THE FRONTIER EXPERIENCE
407,CRIME AND PUNISHMENT U. S A.
408,INVASION OF THE BEE GIRLS
409,ENTR’ACTE
410,MEMORY OF HELEN
411,ITS NICE TO MEET YOU
412,DEVIL AND MISS JONES
413,HISTORY IS MADE AT NIGHT
414,TEMPEST
415,TIGHTEN YOUR BELTS
416,BITE THE BULLET
417,FREAK ORLANDO
418,TICKET OF NO RETURN
419,LAND & SONS
420,THE OUTLAW
421,THE NICE NEIGHBOR
422,NOSFERATU DRACULA
423,CAT PEOPLE
424,I  WALKED WITH A ZOMBIE
425,THE DANCING SOUL OF THE WALKING PEOPLE
426,LAGADO
427,KASKARA
428,ARGONAUTS OF CALIFORNIA
429,MERRY-GO-ROUND
430,DANSE DU MORTE
431,MAN OF MANY SKINS
432,IT’S ALIVE
433,SERPENT
434,EYES OF A STRANGER
435,DRESSED TO KILL
436,DAWN OF THE DEAD
437,THE BEGINNING OF LIFE
438,IN THE DREAM TIME
439,BURDEN OF DREAMS
440,IT STARTED WITH EVE
441,THIRTEEN WOMEN
442,COLLEGE SCANDAL
443,SECRETS OF THE FRENCH POLICE
444,L’IMAGE DU CINEMA
445,WENT THE DAY WELL?
446,NICHOLAS NICKLEBY
447,CHEER BOYS CHEER
448,PAINTED BOATS
449,MAD WHIRL
450,HELLZAPOPPIN’
451,BOTTOMS UP
452,LUCKY DEVILS
453,AFTER THE EARTHQUAKE
454,CHICANA!
455,AGUEDA MARTINEZ
456,SEGUIN
457,BORDERLANDS
458,THE UNWANTED
459,INTOLERANCE
460,DAN’S MOTEL
461,DlSTANT TRAVELER
462,THE CHEAT
463,THE DRAGON PAINTER
464,BLUE BOTTLES
465,PICCADILLY
466,TWINKLETOES
467,THE SALVATION HUNTERS
468,SHANGHAI GESTURE
469,SHREDNI VASHTAR
470,SUDDEN FEAR
471,HERE IS YOUR LIFE CLIP: FLIGHT OF THE EAGLE
472,DAVID HOLZMAN’S DIARY
473,GLEN & RANDA
474,MEN’S LIVES
475,COMING OF AGE
476,HOME ON THE RANGE
477,TWO LAWS
478,SIBERIADE
479,HIM & ME
480,A WAR STORY
481,LIVES OF PERFORMERS
482,DECISION TO WIN: THE FIRST FRUITS
483,EL SALVADOR: DEATHFLIGHT
484,WHO SLEW AUNTIE ROO?
485,WHAT’S THE MATTER WITH HELEN
486,SIGMUND FREUD’S DORA: A CASE OF MISTAKEN IDENTITY
487,FORCE OF EVIL
488,My Son John
489,JUBILEE
490,SEBASTIANE
491,THE MEDITERRA1NEAN
492,KING OF THE JUNGLE
493,SYNCOPATION
494,MR. DYNAMITE
495,DR. BROADWAY
496,LUCRETIA LOMBARD
497,ALL QUIET QUIET ON THE WESTERN FRONT
498,LADY OF SECRETS
499,PICK UP
500,YOU AND ME
501,DAUGHTER OF SHANGHAI
502,THIS WAY PLEASE
503,YOUNG AND INNOCENT
504,NORTH BY NORTHWEST
505,IMPERATIVE
506,UNAPPROACHABLE
507,BERLIN ALEXANDERPLATZ
508,ADAM’S RIB
509,THE MARQUISE OF O
510,DAYS OF YOUTH
511,CHRISTMAS HOLIDAY
512,SON OF DRACULA
513,A SALUTE TO RADIO
514,TOO WISE WIVES
515,‘49-’17
516,THE STATE OF THINGS
517,CONCERT
518,CHUCK WILL’S WIDOW
519,ANDROID
520,UNRECONCILABLE MEMORIES
521,THE LIFE OF ALFONS S. MINER
522,DEUCHLAND SPIEGEL
523,SALVE
524,TRIAL BALLOONS
525,SWISS
526,ARMY KNIFE
527,A 19-YEAR OLD’S PLAN
528,ART PEPPER: NOTES FROM A JAZZ SURVIVOR
529,POETRY IN MOTION
530,IMAGINE THE SOUND
531,IN THE KING OF PRUSSIA
532,CALIGARI’S CURE
533,JEAN ROUCH AND HIS CAMERA IN THE HEART OF AFRICA
534,MOANA OF THE SOUTH SEAS
535,HOURS OF JEROME
536,PNUEMA
537,ARIEL
538,THE DEVIL IS DRIVING
539,CAPTAIN CELLULOID VS THE FILM PIRATES
540,SUCH WOMEN ARE DANGEROUS
541,BULLDOG JACK
542,TROUBLE BREWING
543,OH! Mr. PORTER
544,THREE ON A MATCH
545,WE’RE ONLY HUMAN
546,SAFE IN HELL
547,PALM SPRINGS
548,MILLIONS IN THE AIR
549,THE BATTLE
550,SOME CALL IT LOVING
551,LOLITA
552,IN HEAVEN THERE IS NO BEER?
553,SOUTHERN CALIFORNIA
554,SURVIVORS
555,PIKA-DON
556,THE CEREMONY
557,UN CHANT D’AMOUR
558,CHRISTMAS ON EARTH
559,HISTORY
560,SERENE VELOCITY
561,TABLE
562,BEHIND///
563,FRAME LINE
564,RED SHIFT
565,GARDEN
566,TESTEMENT
567,DEVOTIONS
568,A WOMAN’S TOUCH
569,LE DIABLE
570,PROBALEMENT
571,CHANTS DES OLSEAU
572,METROPOLIS
573,VARIETY
574,LAST LAUGH
575,GROOVIN’ HIGH
576,RARE JAZZ CLIPS
577,TAILS
578,FILP STRIP
579,EARTH/WATER/SKY/FIRE
580,SOUND STRIP
581,SYNCHRONOUSOUND-TRACKS
582,ELEMENT STUDIES
583,THE FOREMAN WENT TO FRANCE
584,SSANDEMETRIO-FRANCE
585,THE LOST SON
586,MASSACRE
587,FRIDAY THE 13TH
588,THE GOOD COMPANIONS
589,THE PHONTOM OF CRESTWOOD
590,THE CANARY MURDER CASE
591,STATE’S ATTORNEY
592,THE GREAT PROFILE
593,GUN SMOKE
594,MAN OF CONQUEST
595,NUMBER PLEASE!
596,THE CANADIAN
597,MR. COHEN TAKES A WALK
598,IT PAYS TO ADVERTISE
599,THE RAGE OF PARIS
600,THE HALF-NAKED TRUTH
601,SL—I
602,VANITY
603,A VILLAGE TALE
604,A DANGEROUS WOMAN
605,THREE WORD BRAND
606,OUR DAILY BREAD
607,PROLOGUE
608,BIRTH OF THE MOVIES
609,THE WIZARD OF OZ
610,WHOEVER SAYS THE TRUTH SHALL DIE?
611,TEOREMA
612,LA RICOTTA
613,READING OF PASOLINI POETRY
614,HILL STREET BLUES
615,FIRE ON THE WATER
616,IN HEAVEN IS THERE NO BEER
617,LA TERRA VISTA DALLA LUNA
618,CHE COSA LE NUVOLE?
619,IL FIORE DI CARTA
620,LA MURA DI SANO
621,COMIZI D’AMORE
622,THE HIDDEN FORTRESS
623,PASOLINI’S POETRY
624,GABRIEL OVER THE WHITE HOUSE
625,THE PRESIDENT VANISHES
626,YOU THE BETTER
627,OUT OF HAND
628,MY BROTHER’S WEDDING
629,EL ESPONTANEO
630,ACTEON
631,LOVE LETTERS OF A NUN
632,HUNTING GROUND
633,TREE OF KNOWLEDGE
634,KUKURANTUMI: THE ROAD TO ACCRA
635,INDIANA JONES AND THE TEMPLE OF DOOM
636,SEVENTEEN
637,IT’S COLD IN BRANDENBURG (FILL HITLER)
638,LEGEND OF THE MOUNTAIN
639,HANDICAPPED LOVE (BEHINDERTE LEIBE)
640,FINNEGAN’S CHIN-TEMPORAL ECONOMY
641,A TASTE OF CHINA
642,LOW VISIBILITY
643,THE PRACTICE OF LOVE
644,DREAMING YOUTH
645,MASCOT
646,GRIMACES
647,STRANGERS IN THE NIGHT
648,THE FRANCHISE AFFAIR
649,THE LITTLE AMERICAN
650,THE DEVIL HORSE
651,WILD GIRL
652,LANCASHIRE LUCK
653,CHANCE OF A LIFETIME
654,"40,000 HORSEMAN"
655,OWD BOB
656,MADEMOISELLE DOCTEUR
657,SECRET LIVES
658,THE STORY OF TEMPLE DRAKE
659,No Orchids for Miss Blandish
660,For Them That Trespass
661,Without Honor
662,The Fall Guy
663,BEHIND THE HEADLINES
664,The Last Mile
665,Western Approaches
666,Oh!Rosalinda
667,The Woman Men Long For
668,Hungarian Rhapsody
669,Liberty Belle
670,El Cid
671,The Lost Tribe
672,The Quiet Earth
673,Orphans of the Storm
674,Sylvia
675,Pictures
676,Bastion Point — Day 507
677,RUSHLIGHT
678,Great Neck
679,EDGE
680,THE BALLAD OF SEXUAL DEPENDENCY
681,Latino
682,NAKED SPACES: LIVING IS ROUND
683,THE HIGHLY EXALTED
684,COWGIRLS
685,The Man Who Envied WOMEN
686,Jungle Girl
687,Production Stills
688,Picture and Sound Rushes
689,The Wilkinson Household Fire Alarm
690,CUE ROLLS
691,PROJECTION INSTRUCTIONS
692,STANDARD GUAGE
693,The Eyes of Julia Deep
694,The Ghost of Rosy Taylor
695,White Heart
696,Brazil
697,Something in Her EYE
698,A Lucky Strike
699,Poor Little Rich Girl
700,Champagne Charlie
701,BE MINE TONIGHT
702,The Great K and A Train Robbery
703,Wagon Tracks
704,Thundering Hoofs
705,Second Fiddle
706,The Coming of Amos
707,La Ferme du Pendu
708,Robinson Crusoe
709,The Cradle of Courage
710,Dick Turpin
711,Tall Timbers
712,What Happened to Kerouac
713,Ziveli: Medicine for the Heart
714,Gap-toothed Women
715,Warmth and Wildness
716,Cajun Music Film (work in progress)
717,Diamonds in the Night
718,A Loaf of Bread
719,Oratorio for Prague
720,Doctor X
721,The Toll of the Sea
722,Mystery of the Wax Museum
723,Nothing Sacred
724,Notorious
725,Dodsworth
726,The Big Trail
727,The Loneliness of the Long Distance Runner
728,The Call of Sibylla
729,"Tierra del Fuego,a Whole Night Long"
730,The Story of Night
731,The Silesian Gate
732,Trances: Rider on a Dead Horse
733,The Golden Salamander
734,Les Esoioms
735,Fenster
736,Change
737,SN
738,S1
739,Las Madres de Plaza de Mayo
740,Lost Horizon
741,Louie Bluie
742,Guess Who’s Coming to Dinner
743,Forest of Bliss
744,My Son Che
745,Wives
746,Wives—Ten Years After
747,Half Life
748,Frida
749,Devil’s Wheel
750,3rd Degree
751,Brancusi’s Sculpture
752,Ensemble at Tirgo Jiu
753,The Spanish Earth
754,Guernica
755,Title
756,Script
757,Six Colorful Inside Jobs
758,Moments of Play
759,Notebook from China
760,All The Presidents Men
761,Messages
762,Gonza the Separman
763,The Elephant Man
764,Eraserhead
765,Dim Sum
766,The Braddock Chronicles
767,The Global Assembly Lin
768,Marriage
769,SACRIFICED YOUTH
770,Our Farmiand
771,Neighbors
772,he Road
773,Off Beat
774,My Learned Friend
775,Sleeping Car to Trieste
776,Mine Own Executioner
777,Cottage to Let
778,My Sister and I
779,The House of the Arrow
780,Circle of Danger
781,They Made Me a Fugitive
782,Daybreak
783,Irene
784,The Dancers
785,90 Degrees South
786,Rough Romance
787,Tundra
788,The Wooden Horse
789,Convoy
790,Summer Storm
791,Sleep My Love
792,Strangler of the Swamp
793,Devil Bat’s
794,Daughter
795,"Dogs, Do You Want to Live forever"
796,Tell No Tales
797,Turn Back the Clock
798,The Kentucky Derby
799,The White Tiger
800,Thru Different Eyes
801,Let’s Hope It’s a Girl
802,Big Deal on
803,Madonna Street
804,You Were Like a Wild Chrysanthemum
805,Distant Clouds
806,A Question of Power
807,Marnie
808,A Woman’s Touch
809,Breaking Silence
810,Coal Fields
811,Chuck Will’s Widow
812,Tire Die
813,Los Inundados
814,A Woman Alone
815,Haxan
816,All Under Heaven and Small Happiness
817,To Taste a Hundred Herbs
818,To TAste a Hundred Herbs
819,The Mexican Tapes: A Chronicle of Life
820,"Outside the Law, Parts I and II"
821,The Mexican Tapes: Parts III and IV
822,You Got to Move
823,Kuhle Wampe
824,Rain
825,Night and Fog
826,Come and See
827,Tango of Our Childhood
828,LET ME REST IN PEACE
829,RIDER OF DEATH
830,WEATHER DIARY
831,ASCENSION OF THE DEMONOIDS
832,HALL OF MIRRORS
833,THE CUP AND THE LIP
834,A WOMAN IN TRANSIT
835,MYSTERY RANCH
836,CORRIDOR OF MIRRORS
837,INTRODUCING RICHARD MASSINGHAM
838,I WAS A SPY
839,STRANGE BOARDERS
840,THE BOHEMIAN GIRL
841,I TAKE THIS WOMAN
842,THE WOMAN HE SCORNED
843,SHIFT
844,MIRAGE
845,REAR WINDOW
846,SIGNAL GERMANY ON THE AIR
847,HERSCHEL AND THE MUSIC OF THE STARS
848,ACTA GENERAL DE CHILE
849,WE ALL LOVED EACH OTHER SO MUCH
850,A GIRL FROM HUNAN
851,FUNERAL OF MOZART LENZ
852,MOUNTAIN MUSIC OF PERU AND MUSICAL DOCUMENTS
853,STORM AND STRESS
854,SONGS OF THE 80s
855,A STAR iS BORN
856,SANTA FE
857,BAD BLOOD
858,THE STORY OF THE NICE OLD MAN AND THE BEAUTIFUL YOUNG GIRL
859,WALKMAN BLUES
860,INCHES FROM THE BERLIN S-BAHM
861,SINGING ON THE TREADMILL
862,THE RESOLUTION
863,THE WHISTLING COBBLESTONE
864,THE LONG DISTANCE RUNNER
865,HAPPY NEW YEAR
866,SELECTION
867,THE BANQUET
868,THE PARTING
869,CELEBRATION DE MATRIMONIO
870,EL SEBON
871,THE TRIAL
872,THE MUSKATEERS OF PIG ALLEY
873,THOSE AWFUL HATS
874,MEMORABiLiA
875,NINE YEARS BEHIND THE WHEEL
876,A HUNGARIAN FOLK TALE
877,THE LEOPARD MAN
878,BLACK MAGIC
879,THE SECRET SIN
880,THE CIRCUS MAN
881,WOMANHANDLED
882,RUNNING WILD
883,PARK ROW
884,THE BiG RED ONE
885,THE MYSTERY OF EDWIN DROOD
886,THE BRIDE OF FRANKENSTEIN
887,BIG BOY
888,BEWARE
889,DOOMSDAY
890,STARK LOVE
891,I SAW JESUS IN A TORTILLA
892,COMMON MISTAKES
893,DEAF DOGS CAN HEAR
894,RISKS OF INDIVIDUAL ACTION
895,ACCIDENTAL CONFESSIONS
896,THE COMPLETE ANNE FRANK
897,FOUR SHADOWS
898,"MNEMOSYNE, MOTHER OF MUSES"
899,the Ten Commandments
900,conrad in quest of his youth
901,television Believers
902,rock my religion
903,der riese
904,the long memory
905,the spider and the fly
906,a tale of two cities
907,the copper beeches
908,the man with the twisted lip
909,a desser woorng
910,bought
911,she takes a holiday
912,the last trail
913,stranger at my door
914,the webster boy
915,maskerade
916,heart’s desire
917,skinner’s dress suit
918,the white sin
919,douce
920,love story
921,the white unicorn
922,the ringer
923,the informer
924,the devil’s love
925,hoopla!
926,odor in the court
927,gangway
928,let george do it
929,paid to love
930,fultah fishman
931,paris-new your
932,repentance
933,the swiss in the spanish civil war
934,"Max Frisch, Journals I - III"
935,The execution of traitor Ernst S.
936,"Hans Staub, Photojournalist"
937,naive artists of east switzerland
938,pneuma
939,17 reasons why
940,alaya
941,CIRCUS GIRLS
942,SAPPHO
943,CRY FREEDOM
944,PARCELLE
945,CHAMP PROVENCAL
946,Retour d'un repère composé
947,SCENES DE LA VIE FRANCAISE
948,ANSELMO AND THE WOMAN BY THE LAKE
949,FAKE FRUIT
950,ARTIFICIAL PARADISE
951,BELL DIAMOND
952,SECOND WIND
953,WALKER
954,LE VOYAGE IMAGINAIRE
955,CRAINQUEBILLE
956,BERKELEY IN THE SIXTIES
957,INSPECTOR HORNLEiGH ON HOLIDAY
958,WATERLOO ROAD
959,HOLY TERROR
960,A DEVIL WITH WOMEN
961,BORN RECKLESS
962,KING KLUNK
963,A GIRL’S FOLLY
964,THE KING ON MAIN STREET
965,THE WORST WOMAN IN PARIS
966,DUSTY ERMINE
967,LAZYBONES
968,NIGHT TRAIN TO MUNICH
969,THE WAY AHEAD
970,THE COMEDY MAN
971,JEALOUSY
972,POIL DE cARROTE
973,CAPTAIN BLACKJACK
974,CAMEO KIRBY
975,PATHWAYS OF LIFE
976,AMBITION
977,DADDY LONG LEGS
978,THE WANDERING JEW
979,UNDER YOUR HAT
980,THE YOUNG IN HEART
981,MARIE GALANTE
982,THE BIG PARADE
983,LAST OF THE LINE
984,THE TONGMAN
985,WARRAH
986,THE SECOND JOURNEY (TO ULURU)
987,EAST BY SOUTHWEST
988,ALBUM FIVE: THE THURSDAY PEOPLE
989,CONFESSIONS OF A CHAMELEON
990,BINGE
991,ETHNIC NOTIONS
992,PINKY
993,"A WEAVE IN TIME: THE STORY OF A NAVAJO FAMILY, 1938-86"
994,INTREPID SHADOWS
995,NAVAJO SILVERSMITH
996,THE BAD AND THE BEAUTIFUL
997,THE COLOR OF HONOR
998,THE SHARK CALLERS OF KONTU
999,. . . COULDN’T BE FAIRER
1000,YAP . . . HOW DID YOU KNOW WE’D LIKE TV?
1001,HALF LIFE
1002,CANNIBAL TOURS
1003,KING JAMES VERSION
1004,THE TERRORIZER
1005,THE SWIMMER
1006,A SPRING FOR THE THIRSTY
1007,THE PHOTOGRAPH
1008,Mini-movies from Manila
1009,"THIS IS OUR HOME, IT IS NOT FOR SALE"
1010,REASSEMBLAGE
1011,SONG OF CEYLON
1012,FOUR STEPS IN THE CLOUDS
1013,I WILL NOT MOVE!
1014,VITAPHONE
1015,PLAIN TALK AND COMMON SENSE (UNCOMMON SENSES)
1016,“HE WHO GETS SLAPPED”
1017,TAKE OUT
1018,SLAYING THE DRAGON
1019,LOTUS
1020,Hearst Metrotone Newsreels
1021,THE RED HOUSE
1022,THE FIRST CIRCUS
1023,OUT OF THE PAST
1024,ALGIE THE MINER
1025,LIGHT YEARS
1026,LIGHT YEARS EXPANDING
1027,FIELD STUDY #2
1028,TROLLSTENEN
1029,TRAVELING LIGHT
1030,BABY FACE
1031,CARELESS LADY
1032,BORN TO BE BAD
1033,THE STRANGER’S HAND
1034,LES AMANTS DU TAGE
1035,"X, THE UNKNOWN"
1036,THE SECRET OF THE LOCH
1037,THE WARNING
1038,The Lion Has Wings
1039,pak beung on fire
1040,CARVED IN SILENCE
1041,BRIGHTER MOON
1042,IN NO ONE’S SHADOW
1043,VIETNAM VETS : DISSIDENTS FOR PEACE
1044,ALL NIGHT LONG
1045,SPIES OF THE AIR
1046,RESERVED FOR LADIES
1047,NOW AND FOREVER
1048,THE TRIP TO TILSIT
1049,I MET MY LOVE
1050,THE LILAC DOMINO
1051,PRIVATE’S PROGRESS
1052,POET’S PUB
1053,UNCLE SILAS
1054,LOVE FROM A STRANGER
1055,THE CROWD
1056,THE FOUNTAINHEAD
1057,JACK KNIFE MAN
1058,TRUEHEART SUSIE
1059,THE OLD WELL
1060,"I AM AN ESTONIAN FILMMAKER, WHO ARE YOU?"
1061,VIRTUAL PLAY
1062,AMAZING VOYAGE
1063,FRiENDSHiP’S DEATH
1064,A STRANGER RETURNS
1065,COOPERATION OF PARTS
1066,TO A BROTHER IN ASIA
1067,NATIVE SHORES
1068,A MOTION STUDY
1069,A JAR FULL OF JAM
1070,¿WHAT’S UP?
1071,THE GEOMETRY OF LOVE
1072,BEN HUR
1073,SHOW PEOPLE
1074,THE CHAMP
1075,THE SKY PILOT
1076,BILLY THE KID
1077,HALLELUJAH
1078,NORTHWEST PASSAGE
1079,STREET SCENE
1080,THE WEDDING NIGHT
1081,STELLA DALLAS
1082,IMITATION OF LIFE
1083,THE CITADEL
1084,"H.M. PUHLMAN, ESQ."
1085,AN AMERICAN ROMANCE
1086,ANN VICKERS
1087,CALL ME MADAM
1088,MIX UP
1089,Magic Lantern Slides and FiIms
1090,SOMBRA A SOMBRA
1091,A MOSAIC FOR KALI YUGA
1092,SABDA
1093,AMIDA
1094,SMOTHERING DREAMS
1095,REVERBERATION
1096,l.D.
1097,ALIEN
1098,THE KING OF COMEDY
1099,The Unseen Orson Welles
1100,THE WHOLE SHEBANG
1101,PERFECT FILM
1102,DUEL iN THE SUN
1103,TRAIL OF THE NORTH WIND
1104,SOMETHING NEW
1105,"A BEAR, A BOY AND A DOG"
1106,BACK TO GOD’S COUNTRY
1107,THE LIGHT ON LOOKOUT
1108,THE GRUB-STAKE
1109,LIVING IN THIS WORLD
1110,SPYING
1111,FRENCH DANCE TONIGHT
1112,BEYOND THE FOREST
1113,LEAVE HER TO HEAVEN
1114,HONOR AND OBEY
1115,M
1116,LENIN PORTRAIT
1117,TOO LATE FOR TEARS
1118,THE GREAT FLAMARION
1119,SEVEN DAYS TO NOON
1120,HIGH TREASON
1121,ARIZONA EXPRESS
1122,HOTEL DU NORD
1123,SONG OF CHINA
1124,POVERTY ROW
1125,THE AMA2ING QUEST OF ERNEST BLISS
1126,"CARRINGTON, V.C."
1127,BROTHER IN LAW
1128,ZOO IN BUDAPEST
1129,"HIPS, HIPS, HOORAY!"
1130,THE SECOND IN COMMAND
1131,THE SHEIK
1132,THE GOLDEN WEST
1133,SHE WORE A YELLOW RIBBON
1134,FORTY GUNS
1135,PRETTY BABY
1136,Hyster Pulsatu
1137,Speaking in Tongues
1138,Apartheid Is the Devil
1139,REDSKIN
1140,GONE WITH THE WIND
1141,PERSONA
1142,RAMROD
1143,DESTRY RIDES AGAIN
1144,COMIC BOOK CONFIDENTIAL
1145,UAKA (SKY)
1146,A STRANGE PLACE T0 MEET
1147,JOE LEAHY’S NEIGHBORS
1148,CONFESSION
1149,Eye above the well
1150,TABATABA
1151,KOMITAS
1152,ROUGE
1153,FAITS DIVERS
1154,HER FRAGRANT EMULSION
1155,THE MORNING FILMS
1156,MOTORIST
1157,MINIATURES
1158,JOAN’S SIGNATURE
1159,The Secret garden
1160,LADY OF THE DUGOUT
1161,"SUR NAME VIET, GIVEN NAME NAM"
1162,SKYLIGHT
1163,RIDE LONESOME
1164,LITTLE BIG MAN
1165,ONCE UPON A TIME IN THE west
1166,BEFORE WE KNEW NOTHING
1167,TOPOGRAPHY OF ORDER
1168,URINAL
1169,DECODINGS
1170,CONSPIRACY 8
1171,"VAULT, BLINKY, AND GREENCARD"
1172,MURDER ON MONDAY
1173,DEAR MURDERER
1174,THE MAN IN GREY
1175,CARAVAN
1176,A PLACE OF ONE’S OWN
1177,HUNGRY HILL
1178,A CONVERSATION WITH PRIVATE
1179,INVESTIGATOR HAROLD LIPSET
1180,THE LOVE PARADE
1181,IN A LONELY PLACE
1182,BIGGER THAN LIFE
1183,TROUBLE IN PARADISE
1184,MR. DEEDS GOES TO TOWN
1185,LOVER OF LIFe TV
1186,THE PATCHWORK GIRL OF OZ
1187,A FLORIDA ENCHANTMENT
1188,AS FITFULLY BEAUTIFUL AS LIFE ITSELF
1189,WATER AND POWER
1190,THE AVENGING CONSCIENCE
1191,TRUE CONFESSION
1192,THE AWFUL TRUTH
1193,BACK STREET
1194,LOVE AFFAIR
1195,"MIDNIGHT, THE LUSTY MEN"
1196,JOHNNY GUITAR
1197,"EASY LIVING, THE MAN I LOVE"
1198,THE MORE THE MERRIER
1199,Rebel Without a Cause
1200,WRITTEN ON THE WIND
1201,POLICING THE BEDROOM
1202,RING OF CHILDREN
1203,WINTER ADIEU
1204,FRONTEIR
1205,"IVAN THE TERRIBLE, part II"
1206,THE DYBBUK
1207,jEWISH LIFE IN VILNA
1208,THE JEW ON THE LAND
1209,CLUNY BROWN
1210,LETTER FROM AN UNKNOWN WOMAN
1211,A SCANDAL IN PARIS
1212,REMEMBER THE NIGHT
1213,THE FILE ON THELMA JORDAN
1214,CRISS CROSS
1215,TEVYE
1216,SULLIVAN’S TRAVELS
1217,THE FURIES
1218,HAIL THE CONQUERING HERO
1219,THE RECKLESS MOMENT
1220,THE NUTTY PROFFESOR
1221,THE LEGEND OF LYLAH CLARK
1222,THE NAKED KISS
1223,FOREVERMORE: BIOGRAPHY OF A LEACH LORD
1224,THE HIDDEN ROOM
1225,LURED
1226,DICK TRACY’S G-MEN
1227,SPY SMASHER
1228,LAND OF LIBERTY
1229,A CONNECTICUT YANKEE
1230,FEAR IN THE NIGHT
1231,THE GUILTY
1232,THE HEART OF THE MATTER
1233,THEY WERE SISTERS
1234,FOUR AROUND A WOMAN
1235,DANCING MOTHERS
1236,THE PASSING OF THE THE THIRD
1237,FLOOR BACK
1238,THE SPY WHO CAME IN FROM THE COLD
1239,VERBOTEN!
1240,THE BLUEBIRD
1241,THE LAST OF THE MOHICANS
1242,EXPOSING THE NARRATIVE BEDROCK
1243,HOW TO READ A DIRTY MOVIE
1244,TONGUES UNTIED
1245,AFFIRMATION
1246,THE TERENCE DAVIES TRILOGY
1247,SOPHIE’S PLACE
1248,DAYS OF WAITING
1249,FAMILY GATHERING
1250,"DOLLAR A DAY, 10¢ A DANCE"
1251,SURNAME VIET GIVEN NAME NAM
1252,OLD SAN FRANCISCO
1253,DON JUAN
1254,NOAH’S ARK
1255,THE DIVINE LADY
1256,"FORBIDDEN CITY, USA"
1257,NEW YORK PORTRAITS
1258,LANDSCAPE PORTRAIT
1259,COMPETITION
1260,BLACK PETER
1261,LOVES OF A BLONDE
1262,INTIMATE LIGHTING
1263,KUMU HULA: KEEPERS OF A CULTURE
1264,THE REAL PRESENCE
1265,SNAkES AND LADDERS
1266,DERRIERE LE MUR
1267,A TALE OF THE WIND
1268,"WATER, WIND, SAND"
1269,FINzAN
1270,RECOLLECTIONS OF THE YELLOW HOUSE
1271,BEGOTTEN
1272,FREEDOM IS PARADISE
1273,NATURAL FEATURES
1274,FRIENDLY WITNESS
1275,HOW NICE TO SEE YOU ALIVE
1276,LIFE IS CHEAP
1277,A.I.D.S.C.R.E.A.M.
1278,ECCE HOMO
1279,REMEMBRANCE
1280,and OTHER WORKS
1281,QUEER REELS
1282,THE SACRIFICE
1283,WINGS OF DESIRE
1284,I AM SUZANNE
1285,OVER SHE GOES
1286,HER MAN
1287,HOME AND AWAY
1288,EAST COAST PRODUCTION
1289,DAVID HARUM
1290,NEVER LET GO
1291,A PLACE TO GO
1292,I MET A MURDERER
1293,TWO SINNERS
1294,DARK MIRROR
1295,WE ARE FROM KRONSTADT TURKSIB
1296,PRIVILEGE
1297,Roof of the World
1298,FIRST SPRING OF YOUTH
1299,FUNERAL CEREMONIES
1300,LES VAMPIRES
1301,MANA WAKA
1302,UTU
1303,KALI FILM: I SPIT ON YOUR GRAVE
1304,OPEN TERRITORY
1305,SOUTHWESTERN BALLET
1306,SIGHT UNSEEN: COME WITH ME
1307,THE MACHINE THAT KILLED BAD PEOPLE
1308,WHY IS YELLOW THE MIDDLE OF THE RAINBOW: A FILM IN FOUR PARTS
1309,I CALLED HER LOOTAS and BOX OF TREASURES
1310,MADE IN HOLLYWOOD
1311,ROSE HOBART
1312,LA PERLE
1313,WORDS FOR THE DYING
1314,THE RAINBOW IS YOURS
1315,PERSONAL PROBLEMS (VOLUME II)
1316,ABSOLUTELY POSITIVE
1317,THE HOUSE OF SCIENCE
1318,COFFEE COLORED CHILDREN
1319,WATERMARKS
1320,ILE AIYE (THE HOUSE OF LIFE)
1321,"SYSTEMS OF AUTHORITY, METHODS OF REPRESSION"
1322,CURRENT EVENTS
1323,LOVE YOUR MAMA
1324,HIS GIRL FRIDAY
1325,LIVING ON TOKYO TIME
1326,EVERYTHING'S FOR YOU half sister
1327,ZAZIE
1328,AFTERNOON BREEZES
1329,UNAUTHORIZED BIOGRAPHIES
1330,SOME LIKE IT HOT
1331,MACHETE GILLETTE...mama YOUR TELEVISION TRAVELER
1332,APOCALYPSE NOW
1333,AVA & GABRIEL: a love story
1334,AMAZONIA: VOICES FROM THE RAIN FOREST
1335,AMERICAN DREAM
1336,LUST FOR ECSTACY
1337,RENDEZVOUS ON THE DOCKS
1338,AND THERE WAS LIGHT
1339,DISCOVERING ARTHUR
1340,PELESHIAN
1341,SIDEBURNS
1342,ILYICH'S GATE
1343,SPOTTED DOG RUNNING AT THE EDGE OF THE SEA
1344,finzan READS THE GULF WAR
1345,JAZZ DANCE
1346,WILD AT HEART
1347,ThE DEVIL THUMBS A RIDE
1348,"MEMORY, MYTH, AND REALITY"
1349,Mourning Kiss
1350,Breathe
1351,Tribulation 99
1352,MY HEART IS IN THE HOMEland
1353,Lubitsch
1354,KILLING TIME
1355,THE GREEKS HAD A WORD FOR THEM
1356,THE NARROW TRAIL AND MORAN OF LADY LETTY
1357,THE BLUE LIGHT
1358,THE ROUGH AND THE SMOOTH
1359,CLOUDBURST
1360,EVE
1361,THE PROWLER
1362,CONTRABAND
1363,THE EDGE OF THE WORLD
1364,SAILING ALONG
1365,THE FINAL TEST
1366,COAL MINER'S GRANDDAUGHTER
1367,MY LIFE AS A DOG
1368,FIGHT
1369,WATER
1370,THE PAUL SWAN FILM
1371,ENDLESS
1372,UNTOWARD ENDS
1373,FLAMING CREATURES
1374,SHOOT FOR THE CONTENTS
1375,LUCKY STAR
1376,AFRICAN FOLK ARTS & STORYTELLING
1377,INTIMATE STRANGER
1378,BANANA SPLIT
1379,AS YOU SEE
1380,THE REPRESSED EXPRESSED
1381,COLOR ADJUSTMENT
1382,A CASING SHELVED and SEATED FIGURES
1383,THE GIRL WITH THE HATBOX
1384,tHE PARISIAN COBBLER
1385,BED AND SOFA
1386,CHILD OF THE BIG CITY
1387,HIPPY PORN
1388,SOME DIVINE WIND
1389,WARRIOR: THE LIFE OF LEONARD PELTIER
1390,CONFESSIONS AND REMEMBRANCES
1391,ALIENS ARE US
1392,MY CRASY LIFE
1393,KHUSH REFUGEES
1394,JAREENA: PORTRAIT OF A HIJDA
1395,KHUSH
1396,THE HAND-MADE FAIRY TALES OF MICHEL OCELOT
1397,GET THEE OUT
1398,A JUST WAR
1399,HOMAGE BY ASSASSINATION
1400,THREE DAYS
1401,PRIVATE HUNGARY
1402,THE GRASS ARENA
1403,LIBERATORS TAKE LIBERTIES
1404,EBONY WHITE
1405,The yes-man
1406,HUNGER
1407,DILEMMA
1408,THE SOUNDS OF THE EVERYDAY
1409,A BRIEF HISTORY OF TIME
1410,THE WOMAN BEFORE ME
1411,THE LAWLESS
1412,OBSESSION
1413,THE MAN BEHIND THE MASK
1414,GHOST SHIP
1415,SCREAM OF FEAR
1416,THE GREEN COCKATOO
1417,PATHS TO PARADISE
1418,HANDSUP!
1419,CHANGING HUSBANDS
1420,TRICK FOR TRICK
1421,SURPRISE PRE-CODE COMEDY
1422,THE LOST CHORD
1423,RESISTING ENEMY INTERROGATION
1424,THE MAN I MARRIED
1425,HAPPY LAND
1426,ROSA MYSTICA
1427,JO-JO AT THE GATE OF THE LIONS
1428,Normal Love
1429,Freak Show CD-ROM
1430,The Tong Man
1431,Why Has Bodhi Dharma Left for the East?
1432,Interior Landscapes
1433,I Am Curious Yellow
1434,Buggies
1435,Young Artists of the Bay Area
1436,Who's Afraid of Virginia Woolf?
1437,"Women, Nature, and the Transcendent"
1438,Scorpio Rising
1439,That's the Point
1440,Tender Little Pumpkins
1441,Arm Around Moscow
1442,I Raise My Arm
1443,"She Loves It, She Loves It Not"
1444,A Man is Not a Bird
1445,Love Affair
1446,Acting Our Age
1447,Terminal USA
1448,WR: Mysteries Of The Organism
1449,Sweet Movie
1450,Speaking of/from the Body
1451,Ausdruckstanz and the Body Culture of Weimar Germany
1452,"Flower Warrior, Xochitl Tlaye Cogani"
1453,Trial
1454,Born in East LA
1455,Harakiri
1456,"Ishi, The Last Yahi"
1457,Fresh Kill
1458,Bejing Bastards
1459,River of Grass
1460,Dostoyevski's Travels
1461,The Last Days of Emmanuel Kant
1462,the Little Mole
1463,Metal and Melancholy
1464,Once at Night
1465,Palms
1466,Starting Place
1467,The People's War
1468,Year of the Dog
1469,Survival Brew
1470,Chronicle of the Warsaw Ghetto
1471,Illusions
1472,Shiro Toyoda's  Marital Relations
1473,"Woman in Love, Hidden River"
1474,A Darker Side of Black
1475,Fearless: The Hunterwali Story
1476,The Voyager Company
1477,Wrath of the Gods
1478,Cobra Woman
1479,Cinemavolta: CD-ROM
1480,Four Paws of the Crab: CD-Rom
1481,The Exorcist
1482,Price of Pleasure
1483,Charley Chase
1484,Tom's Flesh
1485,She's Just Growing Up
1486,Video Postcards
1487,Sight Unseen: A Travellog
1488,Divine Horsemen
1489,Kubelka and Kren
1490,"Serene Velocity, Table, Reverb"
1491,The Given Word
1492,An Exquisite Hour
1493,Which Way is East?
1494,Dante's Inferno
1495,Hunters and Gatherers
1496,The Clowns
1497,Earl Robinson: Ballad of an American
1498,Mambo Madness
1499,Place/Replacement
1500,Imagining October
1501,The Serpent's Tale
1502,Ginger and Fred
1503,Jikken Eiga
1504,Nights Without Art
1505,Conversations Across the Bosphorous
1506,Voices of the Morning
1507,Haji
1508,My Failure to Assimilate
1509,Fragments Project
1510,Lucky Kids
1511,The Prodigal Son
1512,A Comedy in Six Unnatural Acts
1513,Folded Follies
1514,Tempus de Baristas
1515,Notes of a Lady
1516,Looking for Langston
1517,Sonic Outlaws
1518,"If You Lived Here, You'd be Home by Now"
1519,The Maids
1520,Old DIgs
1521,The Virtual City
1522,The Devil Never Sleeps
1523,Sangre Boliviana
1524,Everyday Art
1525,Janine
1526,La Reina de la Noche
1527,Bye Bye America
1528,Maother Dao-The Turtlelike
1529,Black Is Black Ain't
1530,The Silences of the Palace
1531,Reina y Rey
1532,US Go Home
1533,Premonition
1534,The Son of Gascogne
1535,Wayang Bali
1536,The Farm
1537,"Wild Wood, New Jersey"
1538,Foxy Brown
1539,Traces
1540,Reconstructing the 20th Century
1541,Laughter Through Tears
1542,A Skirt Full of Butterflies
1543,Max Ernst
1544,once a month
1545,"who is the monster, you or me?"
1546,max ernst
1547,return of nathan becker
1548,an appeal to the jews of the world
1549,Before Caligari
1550,deseret
1551,serendipity
1552,AKA Don Bonus
1553,Hamlet
1554,On The Beat
1555,Man With A Movie Camera
1556,Red Hollywood
1557,A Trip to the Land of Knowledge
1558,Beyond
1559,"Cry, the beloved country"
1560,Calling the Ghosts
1561,Chronicle of a Disappearance
1562,Navigators of the Desert
1563,Dispersed by Time
1564,Cheb
1565,Chess Kids
1566,I’m Only Happy When It Rains
1567,Lost Highway
1568,Monstershow
1569,Arsenal
1570,"Unruly fan, unruly artist"
1571,Men of the Port
1572,"Dollar a Day, Ten Cents a Dance"
1573,37 Stories About Leaving Home
1574,Private Wars
1575,Fairy Tales of Aging
1576,Trouble in the Image
1577,Phenomenologies of the Surface
1578,Hide and Seek
1579,MURDER and murder
1580,Images of Germany (Deutschland Bilder)
1581,Love’s Debris
1582,Moebius
1583,Believe Me
1584,Noel Field -- The Fictitious Spy
1585,Genealogies of a Crime
1586,Conspirators of Pleasure
1587,Exile Shanghai
1588,Tableau Ferraille
1589,Landscapes of Memory
1590,The Delta
1591,Paper Heads
1592,Nobody’s Business
1593,"Frantz Fanon: Black Skin, White Mask"
1594,Public Works
1595,One Fine Day
1596,"Me, I’m Afraid of Virginia Woolf"
1597,Dreamchild
1598,Hot Rod
1599,Kiss me Deadly
1600,Gesture Incorporated
1601,For Daniel
1602,Nomads at the Door
1603,Whispering Sidewalks
1604,Finished
1605,O night without objects
1606,No President
1607,Beyond Asiaphilia
1608,Saragossa Manuscript
1609,THE Noose
1610,Farewells
1611,"Du sang, de le volupte et de la mort"
1612,Creosote
1613,"Biography of Lilith, A"
1614,Ever Shot Anyone?
1615,Tender Fictions
1616,"Sound art of Richard Lerman, the"
1617,Imaginative spaces
1618,Persistence
1619,The Film of her
1620,Fame whore
1621,Scientific Cardplayer
1622,Welcome Sordi
1623,Strike
1624,Battleship Potemkin
1625,Mother Goose
1626,Hardly Boys in Hardly Gold
1627,October
1628,Emperor Jones
1629,General Line
1630,Alexander Nevsky
1631,Blacks and Jews
1632,From private to public
1633,Ivan the terrible
1634,Que Viva Mexico
1635,Lost book found
1636,Omnivisions
1637,Tropicola
1638,Bumming in Beijing
1639,Out of Phoenix Bridge
1640,Kelly loves Tony
1641,Something strong within
1642,No. 16 Barkhor Street
1643,"Confucian Confusion, A"
1644,The Holy bunch
1645,Basis of make-up
1646,Follow me home
1647,Ossos
1648,Following
1649,Thirteen
1650,Ark of the desert
1651,Dial H-I-S-T-O-R-Y
1652,Big day off
1653,Charles Mingus: Triumph of the underdog
1654,Saltmen of Tibet
1655,Edge city
1656,Retrospectroscope
1657,Sewn
1658,Free Fall: Private Hungary #10
1659,Graveyard of dreams
1660,In that land
1661,Perfect circle
1662,Paulina
1663,Fragments of Jerusalem
1664,Green Fish
1665,Me and my brother
1666,Amsterdam global village
1667,Kid from Chaaba
1668,Season five
1669,Murmur of youth
1670,Sweet degeneration
1671,In my father’s house
1672,The street
1673,"Mandela: Son of Africa, Father of a Nation"
1674,Just for the ride
1675,Loners on wheels
1676,Good wife of Tokyo
1677,Salome
1678,Mildred Pierce
1679,Last year at Marienbad
1680,Morocco
1681,San Francisco Good Times
1682,Blow-up
1683,Bad Boys
1684,Children who draw
1685,Children hand in hand
1686,Children in the classroom
1687,Inferno of First Love
1688,Blue eyes of Yonta
1689,What Farocki Taught
1690,Inextinguishable fire
1691,Four corners
1692,Stillife
1693,Interface
1694,Whistling Cobblestones
1695,Forgotten Tenor
1696,"I, Object"
1697,King’s row
1698,Millhouse: A White comedy
1699,Juan Felix Sanchez
1700,La Guajira
1701,Animal Kingdom
1702,Dark Waters
1703,Pitfall
1704,Monkey on my back
1705,Looking on the bright side
1706,Club Night
1707,The great sit-down
1708,Burston School Strike
1709,Television before 1950
1710,Black Girl
1711,Borom Sarret
1712,Baara
1713,All my good countrymen
1714,The Return
1715,Poko
1716,Sey Seyeti
1717,Mechanical Man
1718,Way down east
1719,Mind of clay
1720,Right to hope
1721,Another way
1722,Solaris
1723,"Flunky, work hard!"
1724,Apart from you
1725,Two stage sisters
1726,Whirlpool
1727,White elephant
1728,Shadow of the earth
1729,Absence
1730,Giants of jazz
1731,"Blues, Rockabilly and Western Swing"
1732,Journey into night
1733,Untilted
1734,Haiti
1735,Photo wallas
1736,Twin flames
1737,Bloody morning
1738,Columbus on trial
1739,Southern cross
1740,"Journey, the"
1741,Gorilla bathes at noon
1742,Tango Argentino
1743,Chasing butterflies
1744,A Certain morning
1745,Angel of fire
1746,Children of the open road
1747,Bells from the deep
1748,The Blue hour
1749,Man to man
1750,Antonio’s girlfriend
1751,And the wind returneth
1752,Off season
1753,I am Cuba
1754,The Andromeda Strain
1755,The Subterraneans
1756,The Landscape film
1757,Diary of a mad housewife
1758,Our man in Havana
1759,Underexposed
1760,The Temple of the fetus
1761,Let  no man write my epitaph
1762,Wise blood
1763,Greetings from out here
1764,Belle
1765,Fresh talk
1766,Anxiety of Inexpression: The otherness machine
1767,One nation under God
1768,Last picture show
1769,Joe Joe
1770,Kids in the hall
1771,The Attendant
1772,Wrong son
1773,Victor
1774,Agora
1775,Being there
1776,Benefit premiere
1777,Hog farm movie
1778,The Graduate
1779,Catch 22
1780,Fatty Arbuckle comedies
1781,You will remember
1782,Toll gate
1783,Vanishing American
1784,Woman to woman
1785,Good companions
1786,Let us live
1787,Black room
1788,"Spiritualist, The"
1789,Crimes at the dark house
1790,She couldn’t take it
1791,"Devil is driving, The"
1792,Memories from a coma
1793,Dancing with Incas
1794,Carnival in Q’Eros
1795,The Maestro: King of the cowboy artists
1796,End of summer
1797,Tales of the forgotten future
1798,Ladyboys
1799,In and out of Africa
1800,Sermons and sacred pictures
1801,The House of science
1802,Quirky
1803,Silence=Death
1804,Inner movie
1805,The Aroma of enchantment
1806,Motorist
1807,Side tracked
1808,Unknown soldier
1809,Mapping the body
1810,Hotel room
1811,Citizen Kane
1812,In search of our fathers
1813,Finding Christa
1814,"Totally, Tenderly, Tragically"
1815,Manic tour
1816,"Silent Poetics, A"
1817,Passing through my mother-in-law’s village
1818,I Can’t Keep Up
1819,"Richter, the Enigma"
1820,Speaking about Godard
1821,Chick Flicks
1822,Punishment Island
1823,Across Generations
1824,Private Adventures
1825,Rabbit in the moon
1826,What?
1827,Nocture
1828,"Skinny little man attacked Daddy, A"
1829,December Bride
1830,Exposure
1831,"Lucebert, Time and Farewell"
1832,Last Words—My Sister Yoka
1833,Negative Space
1834,Divine
1835,Voices
1836,Getting to know you
1837,War zone
1838,Badou boy
1839,"Bat, a cat, a rat...a wrabbit?"
1840,Megacities
1841,One girl against the mafia
1842,Aksuat
1843,Khrustaliov my car!
1844,Ikinai
1845,Bitemporal vision: The sea
1846,Introduction to the Nervous System
1847,El Valley Centro
1848,My Grandmother
1849,Our Song
1850,Faith Hubley
1851,Mask of Desire
1852,Darkness and Light
1853,Barracks
1854,At all Costs
1855,Beyond the Screams: Latino Punk Culture
1856,Lady of the House (Bariwali)
1857,Nowhere to Hide
1858,Journey to the Sun
1859,Around the Pink House
1860,Eleven O’Clock Woman
1861,Blossoms of Fire
1862,Closed Doors
1863,No One Writes to the Colonel
1864,Four Seasons of the Law
1865,One Third of a Nation
1866,Hallelujah I’m a Bum
1867,All Quiet on the Western Front
1868,Boy next door?
1869,naked and famous
1870,Spectres of the Spectrum
1871,Gringo in Manana-Land
1872,Pushed Out for Profit
1873,Playing for Keeps: The Struggle to Save NYC Community Gardens
1874,Engram Sepals
1875,Don’t Look Back
1876,Moonlight Whispers
1877,Fior di male
1878,Assunta Spina
1879,Malombra
1880,Political Advertisements
1881,The Elders
1882,Angelo’s Film
1883,Teatro Amazonas
1884,Seducing Maryaa
1885,Preponderance of Evidence
1886,"Crouching Tiger, Hidden Dragon"
1887,Long Night's Journey Into  Day
1888,"Barry Gifford, Out of the Past"
1889,Vera Cruz
1890,Design for living
1891,A Free Soul
1892,Grounds
1893,Anino
1894,Maryam
1895,Sin of Nora Moran
1896,Power and the glory
1897,Seven men from now
1898,When a man loves
1899,Molly O’
1900,Big Dan
1901,"Theory of religion, theory  of ecstasy"
1902,After the sneeze
1903,Fifth Dimension
1904,With Closed Eyes
1905,Shirin Neshat Unveiled
1906,The Storm
1907,Treasures from a chest
1908,Lives
1909,Khiam
1910,The Endurance
1911,Without a Trace
1912,Maine-Ocean Express
1913,Orouet’s Way
1914,Werckmeister Harmonies
1915,Season of Men
1916,Chop Suey
1917,Such is life
1918,Peppermint Candy
1919,Stolen Airship
1920,Rebecca’s Story
1921,Corpus: Home movie for Selena
1922,Requiem
1923,Switch Fish
1924,Bomba: Dancing the Drum
1925,House
1926,House in Jerusalem
1927,The Hand Behind the Mouse: The Ub Iwerks Story
1928,"Angel Angel, Down We Go"
1929,Feverish
1930,The Dark Room
1931,Love’s Refrain
1932,Buchanan Rides Alone
1933,Comanche Station
1934,Tokyoscope
1935,Battle Royale
1936,Perfumed Garden
1937,Missing Young Women
1938,Promises
1939,Constructing identities
1940,The Hunger
1941,forward reflections
1942,B-52
1943,Obachaan’s garden
1944,e-dreams
1945,Daughters of the cloth
1946,Japanese devils
1947,Daughter from Danang
1948,Shaping identities through community
1949,The wolf
1950,Stranger with a camera
1951,appalshop
1952,Chemical Valley
1953,Hazel Dickens: Its hard to tell the singer from the song
1954,Cul de sac
1955,Mad songs of Fernando Hussein
1956,taxi for three
1957,Distance
1958,Go for Broke
1959,Sound of Brazil
1960,nights of constantinople
1961,Daddy and Papa
1962,Who hangs the laundry?
1963,War and Peace
1964,Face
1965,My Brother the Vampire
1966,Obsessive Becoming
1967,Student Nurses
1968,Age of Consent
1969,Lady Eve
1970,I Will Not Be Sad in This World
1971,Soft and Hard
1972,Reaching an Understanding
1973,The Home maker
1974,The Water Magician
1975,Aelita
1976,Yield to Total Elation: The Life and Art of Achilles Rizzoli
1977,Odds of Recovery
1978,To Re-Edit the World
1979,Chalk
1980,Shadows
1981,Pi
1982,Woman Under the Influence
1983,Line Describing a Cone
1984,Powers of Ten
1985,Zorns Lemma
1986,Words for the Dying
1987,Death of a Neapolitan Mathematician
1988,Signal 7
1989,Heat and Sunlight
1990,Drowning by Numbers
1991,The Letter
1992,Divining Mom
1993,Stroke
1994,Scheme 6
1995,Husbands
1996,N is a Number
1997,Demon of the Derby
1998,Life Itself
1999,Living Color Now
2000,Nitwit
2001,"Iran, Veiled Appearances"
2002,Van Sant retrospective
2003,Safe Conduct
2004,Crossed Paths
2005,refugee
2006,Meat
2007,Titicut Follies
2008,Last Letter
2009,Murder of Fred Hampton
2010,Eldridge Cleaver
2011,Sympathetic Vibrations
2012,He who must die
2013,"Eat, Sleep, No Woman"
2014,Death of Klinghoffer
2015,Decay of Fiction
2016,Dark Side of the Heart II
2017,For My Children
2018,Lost boys of Sudan
2019,Same River Twice
2020,A letter
2021,Weather Underground
2022,Cautionary Tales
2023,Hukkle
2024,Women’s Prison
2025,In order not to be here
2026,"Life, liberty and the pursuit of happiness"
2027,We can’t go home again
2028,Medidations on Revolution
2029,The Hulk
2030,Incubus
2031,On my knees
2032,Mind Shadows
2033,Teknolust
2034,Suburban stasis
2035,Call girl named rosemarie
2036,Place named Destiny
2037,Merce Cunningham
2038,Dances for camera
2039,Home is where the healing is
2040,Morning Sun
2041,Game of their lives
2042,Night of the Hunter Outtakes
2043,Pied Piper
2044,Czech fantasy and horror
2045,W.C. Fields
2046,Hopeful pageantry of bread and puppet
2047,sidewalk shuttle
2048,passage
2049,this side of paradise
2050,Organum
2051,Demon Seed
2052,Anime Celebration
2053,Only Yesterday
2054,Cat Returns
2055,No
2056,Goshogaoko
2057,My flesh and blood
2058,mead 2003
2059,Lost Reels of Pancho Villa
2060,Manchurian Candidate
2061,Superior Elegy
2062,Wonderpain
2063,Arapadaptor (I feel so)
2064,They Might Be Giants
2065,When Video Came
2066,Hand Outstretched
2067,Awake and Sing
2068,S-21 Khmer Rouge Killing Machine
2069,Slumberland
2070,Open Outcry
2071,See You Off to the Edge of Town
2072,Good Lawyer’s Wife
2073,15
2074,"Music, Story, Expectation"
2075,Secret Language of Youth
2076,Liberation of Everyday Life
2077,Endurance of Spirit
2078,Truth has a perfect memory
2079,Ant Farm
2080,Eternal Frame
2081,DeCoded
2082,Tongues Untied
2083,Nightjohn
2084,To Sleep with Anger
2085,My Brother’s Wedding
2086,Killer of Sheep
2087,Nat Turner: A Troublesome Property
2088,Glass Shield
2089,Panel discussion
2090,Peep Show
2091,Something More than Night
2092,Control Room
2093,That Day
2094,Life and death of a boring moment
2095,Back to Kotelnich
2096,Vodka Lemon
2097,Route 181: Fragments of a journey in Palestine-Israel
2098,The Corporation
2099,James’ Journey to Jerusalem
2100,Checkpoint
2101,Cafe 1996
2102,Guerrilla: The taking of Patty Hearst
2103,Squint Your Eyes
2104,Night Passage
2105,Deleuze and Documentary
2106,Alice in Wonderland
2107,Trail of the Vigilantes
2108,Big Trail
2109,Love is a Treasure
2110,My Darling Clementine
2111,Pursued
2112,Forty guns
2113,3:10 to Yuma
2114,Origins of the Western
2115,Wild Bunch
2116,A Nos Amours
2117,Women in the Mirror
2118,Tales from the Gimli Hospital
2119,West of Zanzibar
2120,Face Behind the Mask (10/9/04)
2121,Cowards Bend the Knee
2122,The Saddest Music in the World
2123,La Ronde
2124,Narmada Diary
2125,The Savage Eye
2126,One-eyed Jacks
2127,Kiss Me Deadly
2128,Eadward Muybridge
2129,Baschet
2130,The Key of Z
2131,Harry Partch: Delusion of the Fury
2132,A Small Domain
2133,Band of Outsiders
2134,In the Name of God
2135,"Father, Son and Holy War"
2136,Bombay Our City
2137,A Little Bit of Freedom
2138,Apocalypse Now
2139,Sleepworld
2140,Half-lies
2141,a trilogy and a quartet
2142,Latent Image Excavations
2143,Powerpoint to the People
2144,Funeral Parade of Roses
2145,Last Tycoon
2146,Shanghai Express
2147,Meet Me in St. Louis
2148,Games
2149,Kounandi
2150,Madame Brouette
2151,Cosmic Africa`
2152,Dirt for Dinner
2153,Waiting for Happiness
2154,Empathy
2155,History of Color
2156,Farewell to Arms
2157,Paths of Glory
2158,No Way Out
2159,Scarlet Letter
2160,The Future is Behind You
2161,To Be and To Have
2162,In the Land of the Deaf
2163,Every Little Thing
2164,Animals
2165,Louvre
2166,Moolade
2167,Tarnation
2168,Bending the Beat
2169,"Our cosmos, our chaos"
2170,Ethan Mao
2171,God is Good
2172,Dumplings
2173,62 Years and 6500 Miles Between
2174,Cavite
2175,Evolution of a Filipino Family
2176,Bird People
2177,Bluebeard
2178,Strange woman
2179,Light Ahead
2180,American Matchmaker
2181,A Darkness Swallowed
2182,Central Park
2183,Solovkly Power
2184,Shattered Mirror
2185,Lucky to Be Born in Russia
2186,House on Arbat Street
2187,Some Came Running
2188,Dealer
2189,Holy Girl
2190,Almost Brothers
2191,10th Circuit court
2192,Last Mitterand
2193,Dear Enemy
2194,exquisite luminance
2195,Rocky Road to Dublin
2196,Power of Nightmares
2197,The Hero
2198,Days and Hours
2199,Pilgrimage
2200,Komancheh
2201,Into the Picture Scroll
2202,Me and You and Everyone We Know
2203,The Lost Generation
2204,Lo-fi Landscapes
2205,Howl’s Moving Castle
2206,Wild in the Streets
2207,Joe
2208,Myra Breckinridge
2209,"Cats, Bums, and Perverts"
2210,Bloody Mama
2211,Dirty Little Billy
2212,Africa I Will Fleece You
2213,Space is the Place
2214,Chief!
2215,Day in the Country
2216,Clando
2217,Colonial Misunderstanding
2218,Head in the Clouds
2219,Shoot the Whale
2220,Night Nurse
2221,Employees Entrance
2222,Two Seconds
2223,Forest for the Trees
2224,Marvelous Creatures
2225,Ten Skies
2226,Security
2227,Semiconductor
2228,Phantom of the Operator
2229,Left Jab
2230,Alias Kurban Said
2231,Felice...Felice
2232,The Time We Killed
2233,Right Jab
2234,The Beginning or the End?
2235,Day After Trinity
2236,Poetry and Truth
2237,Golden Bullet
2238,Taisho Chic
2239,Souls on the Road
2240,Eternal Heart
2241,Rebirth of the Capital
2242,Pittsburg Trilogy
2243,Brokeback Mountain
2244,Earth
2245,The Getaway
2246,THE LOVERS
2247,HAND HELD DAY
2248,PASADENA FREEWAY STILLS
2249,MIRROR
2250,DR STRANGELOVE
2251,THE RED SHOES
2252,THE ASCENT
2253,Better This World
2254,Willow springs
2255,Passion Of Joan Of Arc
2256,Of Whales The Moon And Men
2257,Heart Of Guy Maddin
2258,Mystery of the Eiffel Tower
2259,Routine Pleasures
2260,Unknown Orson Welles
2261,Alleessi An African Actress
2262,Ashes And Diamonds
2263,Living Rights
2264,In A Nutshell
2265,Troubles We've Seen History Of Journalism In Wartime
2266,Threads Of Belonging
2267,Hybrid Autos De Soto Conquest
2268,La Lucha Oakland Raider parking lot
2269,Ulzanas Raid
2270,Plagues And Pleasures On The Salton Sea
2271,Mardi Gras Made In China
2272,Videoletters program two
2273,Drifting Upstream
2274,Okie Noodling
2275,Dreaming Lhasa
2276,Monody In Harmony
2277,Orders
2278,Wife Be Like A Rose
2279,Good Riddance
2280,Sentenced Home
2281,Disaster At Dawn 1906 San Francisco Earthquake
2282,Sisters In Law
2283,Walk Like A Dragon
2284,Tailenders
2285,In This Short Life
2286,Night The World Exploded
2287,How Little We Know Of Our Neighbors
2288,Blood Guts And High School
2289,Runaway
2290,Joy Of Life
2291,Al Franken God Spoke
2292,Taking Father Home
2293,Turnabout
2294,Nuit noire 17 octobre 1961
2295,Cock Byte Masters Of Machinima
2296,Twelve Disciples Of Nelson Mandela
2297,Dignity Of The Nobodies
2298,Wide Awake
2299,Belle De Jour
2300,Into Great Silence
2301,Jonestown
2302,Roads Of Kiarostami
2303,The Bridge
2304,By Rail And Trail
2305,Rockaway
2306,City Of Photos
2307,Bad Girl With A Heart Of Gold
2308,Marching To A Different Toon
2309,Shooting Indians
2310,Runaway Grooms
2311,Continuous Journey
2312,Narmada Valley Rises
2313,Charming Augustine
2314,War And Video Games
2315,Experiments In Terror
2316,snowdrift
2317,New evidence
2318,My name is Oona
2319,Lottery Of The Sea
2320,Dog Day Afternoon
2321,Cool Hand Luke
2322,King Of The Gypsies
2323,Ici et Ailleurs
2324,Tropical Malady
2325,Blissfully Yours
2326,Noisy People
2327,Old Weird America
2328,Opera Jawa
2329,All In This Tea
2330,Vanaja
2331,Devil Came On Horseback
2332,Wonders Are Many
2333,Congorama
2334,Forever
2335,Last Summer Won't Happen
2336,Murch
2337,Walk To Beautiful
2338,Strange Culture
2339,Times And Winds
2340,Demonlover
2341,Cold Water
2342,Free radicals
2343,Alternative Requirements 2007
2344,Hollywood Commandos
2345,Keep Em Flying Panel
2346,Memphis Belle
2347,God Is My Co Pilo
2348,Land And Live In The Jungle
2349,Imitation Of Life
2350,Roe's room
2351,Glass Lips
2352,Decameron
2353,Angelus
2354,The Knight
2355,The Kid
2356,Milk In The Land
2357,A Few Days Later
2358,One Night
2359,Copacabana
2360,Tokyo Sonata
2361,Project Kashmir
2362,Fruit Fly
2363,Wild Boys Of The Road
2364,La Rabbia Di Pasolini
2365,Wild River
2366,Al Mas Alla 
2367,Sacred Places
2368,New Muslim Cool
2369,City Of Borders
2370,Tongzhi In Love
2371,Son Of A Lion
2372,Lake Tahoe
2373,Chaturanga
2374,Home
2375,Crude
2376,Emperor's naked army marches on
2377,Extreme private eros
2378,The Window
2379,Versailles
2380,Kimjongilia
2381,The Reckoning
2382,Ferlingetti
2383,For The Love Of Movies
2384,Works From The Eisner Prize
2385,Amadeus
2386,Unbearable Lightness Of Being
2387,Town Of Love And Hope
2388,Boy
2389,At Play In The Fields Of The Lord
2390,What Is To Be Done Journey from Prague To Cesky Krumlov
2391,Elective Affinities
2392,Letter From An Unknown Woman
2393,Taking Woodstock
2394,Ruthless
2395,Word Is Out
2396,Essential Visual Music
2397,Proteus
2398,Chromatic Cocktail Extra Fizzy
2399,Always Been A Rambler
2400,Wild Child
2401,Look Through the Window
2402,The passing and deserts
2403,The Passing
2404,Déserts
2405,Robert Beavers
2406,Winged Dialogue
2407,The Count of Days
2408,Diminished Frame
2409,Efpsychi
2410,Wingseed
2411,City of Photographers
2412,Sacred Family
2413,Standard Operating Procedure
2414,Brief Recollections
2415,Ingrid Bergman Rarities
2416,Silent Country
2417,Black Eyes And Blue Skies
2418,Dybbuk
2419,Man Without A World
2420,Jester
2421,Little Mother
2422,East and west
2423,Everythings For You
2424,Ari Marcopoulos
2425,Wristcutters
2426,Jolly Paupers
2427,Anatomy Of A Murder
2428,Made In USA
2429,Cello Suite 3 Falling down stairs
2430,The Rink
2431,Skidoo
2432,Pieces of April
2433,Archeology of Memory: Villa Grimaldi
2434,Matinee Idol
2435,Sarabande Etc
2436,Everlasting Moments
2437,In The Matter Of Cha Jung Hee
2438,Lessons Of The Blood
2439,People I've Slept With
2440,Plastic Haircut
2441,Bleu shut
2442,Reconstruction
2443,Somersault
2444,States Of Belonging
2445,Wiley Selects
2446,DDR DDR
2447,Little Rock
2448,Cold Weather
2449,Something Like A Dream
2450,The Oath
2451,Susa
2452,Linda De Passe
2453,Tehroun
2454,Constantin And Elena
2455,Marwencol
2456,Budrus
2457,Last Train Home
2458,Restrepo
2459,Alamar
2460,Wild Parrots of Telegraph Hill
2461,Gravity Was Everywhere Back Then
2462,Hellboy
2463,I Hear What You See
2464,Yang Bang Xi
2465,Landscape as expression
2466,Akeelah And The Bee
2467,Hud
2468,All smiles and sadness
2469,Easy living
2470,A reason to live
2471,Near the big chakra
2472,Procession of the Image Processors
2473,Safety Last
2474,Left In The Dark
2475,Parsons Widow
2476,Look At What The Light Did Now
2477,Ode
2478,Old Joy
2479,Wendy And Lucy
2480,Bride Of Glomdal
2481,Surface Tension
2482,Pudhupettai
2483,Punk Attitudinal
2484,Radical Light
2485,Lunch Love Community Documentary Project
2486,Rien Que Les Heures
2487,L'Inhumaine
2488,Silent Comedies
2489,Pieces of Eight
2490,Craneway Event
2491,Canadian Artists At Work
2492,Strangers And Friends
2493,Living in Seduced Circumstances
2494,Summer Pasture
2495,Anna May Wong
2496,Charlie Chan at the Olympics
2497,MF Remix
2498,Taqwacores
2499,I am Legend
2500,Preserving the Avant Garde
2501,Shutter island
2502,Chicago Survey Trilogy
2503,Sweetgrass
2504,Autumn
2505,Green Wave
2506,Something Ventured
2507,Women Art Revolution
2508,Position Among The Stars
2509,Crime After Crime
2510,Dish and the Spoon
2511,Nostalgia For The Light
2512,Living on Love Alone
2513,The Tiniest Place
2514,The Pipe
2515,Cinema Komunisto
2516,The Salesman
2517,Ulysses
2518,Eisner Prize 2011
2519,Mickey One
2520,Hold me while I'm naked
2521,Bonnie And Clyde
2522,Alices restaurant
2523,Naked and the nude
2524,Pinocchio
2525,Princess and the frog
2526,Merlusse
2527,Cigalon
2528,Bakers Wife
2529,Reach Of Resonance
2530,Cry Danger
2531,This Is Your Life Holocaust Survivors
2532,Kino Pravda
2533,Kino Weeks
2534,Over The Edge
2535,"t,o,u,c,h,i,n,g"
2536,razor blades
2537,31 to 35
2538,Epileptic Seizure Comparison
2539,Music of the spheres
2540,Kino pravda 14 to 17
2541,Soviet Toys
2542,Unstable Object
2543,Kino Eye
2544,Shutka Book Of Records
2545,Stride Soviet
2546,Starship troopers
2547,Seventh Voyage Of Sinbad
2548,Three Songs Of Lenin
2549,Lullaby
2550,Three Heroines
2551,Flotsam And Jetsam
2552,Together
2553,Perpetuum Mobile
2554,Summer Of Goliath
2555,All Things Were Now Overtaken By Silence
2556,Where Are Their Stories
2557,Fig Leaves
2558,A Girl In Every Port
2559,Medicine For Melancholy
2560,A river runs through it
2561,Trip to Mars
2562,High treason
2563,Jose and Pilar
2564,Bang bang
2565,I Am a Ghost
2566,Mr Cao Goes to Washington
2567,Scenes from a Memoir
2568,Space in Back of You
2569,Whats up with the future
2570,Time Regained
2571,Distinguished Flying Cross
2572,Abel Gances Napoleon
2573,Good the Bad the Beautiful
2574,Three Amigos
2575,American Graffiti
2576,Chekhov for Children
2577,Soldiers Daughter Never Cries
2578,Blink of an Eye
2579,Words of Mercury
2580,Waiting Room
2581,The Source
2582,Tokyo Waka
2583,Valley of Saints
2584,Informant
2585,Bitter Seeds
2586,Old Dog
2587,Its the earth not the moon
2588,A secret world
2589,Marina Abramovic the artist is present
2590,Step up to the plate
2591,Pierre Rissient man of cinema
2592,Vivan las antipodas
2593,Golden slumbers
2594,OK enough goodbye
2595,In my mothers arms
2596,Meanwhile in Mamelodi
2597,Kill daddy goodnight
2598,Workingmans death
2599,Quartet
2600,To die for
2601,The man in the gray flannel suit
2602,Rick
2603,Devotional Songs
2604,Always For Pleasure
2605,Ry Cooder Group
2606,Well Spent Life
2607,Poem Is a Naked Person
2608,Daughters of the Dust
2609,Highway patrolman
2610,Death and the compass
2611,Next voice you hear
2612,Searchers 2point0
2613,Compensation
2614,Intimate portraits
2615,Bellydancing
2616,Conlon Nancarrow virtuoso of the player piano
2617,Music for 1000 fingers Conlon Nancarrow
2618,Ai Weiwei never sorry
2619,Perfumed nightmare
2620,Fig trees
2621,Turumba
2622,Home and abroad with Kidlat Tahimik
2623,Memories of overdevelopment
2624,Japanese summers of a Filipino fundoshi
2625,United in anger a history of act up
2626,Phantom Father
2627,Soundtrack
2628,The Truman show
2629,Pastoral hide and seek
2630,Silence
2631,Chang
2632,Inferno of first love
2633,The ghost that does not return
2634,The bargain
2635,To Chris Marker an unsent letter
2636,Vertigo
2637,Lost highway & Perdita durango
2638,881
2639,Seeking Asian female
2640,The peach blossom land
2641,Advantageous
2642,Old romances
2643,Johannas Traum
2644,Broken stones
2645,Chronicle of a summer
2646,Shape of the moon
2647,The silence
2648,Love and duty
2649,Key of life
2650,Paradox
2651,Theyll come back
2652,Spend it all
2653,Sunset stories
2654,Good ol Freda
2655,Harana
2656,The kill team
2657,Into the abyss
2658,Eye of the day
2659,Its All True
2660,Shepard and Dark
2661,A river changes course
2662,After Tiller
2663,Fatal assistance
2664,Chimeras
2665,Downpour
2666,Let the fire burn
2667,Mock Up On Mu
2668,Secrecy
2669,Rent a family inc
2670,Leave Her To Heaven
2671,My Winnipeg
2672,Romance Of Astrea And Celadon
2673,"Lynn Hershman Leeson: Virtually Everything, Virtually"
2674,Nightfall
2675,Moon In The Gutter
2676,The Burglar
2677,I Love Beijing
2678,The Professional Man
2679,Perpetual Motion
2680,For Fun
2681,Cage Cunningham
2682,Railroad Of Hope
2683,Attack
2684,Ghost World
2685,Collage Work
2686,Hope
2687,The herd
2688,The poor
2689,My Girlfiends Wedding
2690,Tout Va Bien
2691,Prairie Fire
2692,Pumping Iron
2693,Sister
2694,The Luck Of Ginger
2695,Half past autumn
2696,Beau travail
2697,Trouble every day
2698,Clockers
2699,Lawless breed
2700,Estranged Paradise
2701,Holy Motors
2702,Wild Girl
2703,Cruising
2704,Profit Motive And The Whispering Wind
2705,Far From Afghanistan
2706,The East Wind
2707,Girls and Swallows
2708,Breaking the Frame
2709,Moroccan Chronicles
2710,From Baghdad to Badlands
2711,Waiting for Godot and Beyond
2712,Image Alchemy
2713,Sorrows of a Young Tangerian
2714,Muslim Childhood
2715,44 or Tales of the Night
2716,No Mans Land
2717,48
2718,Colors
2719,Bonjour Tristesse
2720,Ruins
2721,World of Apu
2722,Your Day Is My Night
2723,The Lodger
2724,At Berkeley
2725,The Incredibles
2726,Alamo Bay
2727,Taxi Driver
2728,Pather Panchali
2729,Tey
2730,We Are Alive The Fight To Save Braddock Hospital
2731,Aparajito
2732,Early Summer
2733,Devi
2734,Body of War
2735,Ilo Ilo
2736,Innocent Blood
2737,Raw Deal
2738,Los Olvidados
2739,T-Men
2740,Lightning Over Braddock A Rustbowl Fantasy
2741,Jazz in Love
2742,Night it rained
2743,Women's prison
2744,Tehran is the capital of Iran
2745,Women's quarter
2746,Photographic Memory
2747,Theres Always Tomorrow
2748,Nuclear Nation
2749,Charulata
2750,Umberto D
2751,Farah Goes Bang
2752,Sun Behind the Clouds
2753,Act of Killing
2754,My Own Private Idaho
2755,Lordville
2756,Karaoke Girl
2757,One Flew Over the Cuckoos Nest
2758,Backyard
2759,Last Season
2760,Difret
2761,La Pointe Courte
2762,Contempt
2763,Five Obstructions
2764,Il Posto
2765,Grapes of wrath
2766,All About the Feathers
2767,Little girl
2768,De luce 2
2769,Bright mirror
2770,Leviathan
2771,Art and Craft
2772,We Come As Friends
2773,Godzilla
2774,Golden Fortress
2775,After Life
2776,Elephant god
2777,Kingdom of diamonds
2778,Bad Hair
2779,Shoulder arms
2780,Banjo tales
2781,One pm
2782,Big joy the adventures of James Broughton
2783,People's Park
2784,Off the pig
2785,San Francisco State on strike
2786,Will there be a theater up there
2787,The stranger
2788,Blue mountains
2789,Sons and daughters
2790,An unusual exhibition
2791,Once upon a time there was a singing blackbird
2792,Pirosmani
2793,Peggy and Fred in Hell
2794,Three lives
2795,Operation abolition
2796,The riotmakers
2797,Adynata
2798,Twenty six commissars
2799,White caravan
2800,Wishing tree
2801,Eliso
2802,Salt for Svanetia
2803,Journey of Akaki Tsereteli to Racha Lechkhumi
2804,Case of Tariela Mklavadze
2805,KPFA on the air
2806,City of sadness
2807,Yolanda and the Thief
2808,Street days & Women from Georgia
2809,Amerikanka
2810,Khabarda
2811,Good men good women
2812,High tech low life
2813,Ai Weiweis appeal
2814,New Shores
2815,In the stone house
2816,King Lear
2817,I Am An Anti Star (Ich bin ein Antistar)
2818,Passions
2819,Activist
2820,The Cossack Whip (excerpt)
2821,Blue Jeans
2822,Jeanne Dielman 23 Quai du Commerce 1080 Bruxelles
2823,Johan
2824,Juha
2825,Seconds
2826,The Manchurian Candidate
2827,Hallelujah
2828,Show People
2829,Puppetmaster
2830,Blind dates
2831,Shadows of Our Forgotten Ancestors
2832,Agronomist
2833,The Batttle Of Chile
2834,Blackmail
2835,Wild Night In El Reno
2836,Hiroshima Mon Amour
2837,Van Gogh
2838,Song of the Scarlet Flower
2839,Daisies
2840,K Y Kapers
2841,Power Of The Press
2842,The March On Paris 1914
2843,11 X 14
2844,Ten Days That Shook the World
2845,The 400 Blows
2846,Shoot The Piano Player
2847,Kanto Wanderer
2848,Sherlock Jr
2849,In praise of love
2850,Day is longer than the night
2851,Some interviews on personal matters
2852,Anabasis of May and Fusako Shigenobu Masao Adachi and 27 years without images
2853,Sambizanga
2854,Lady from Shanghai
2855,Ugly one
2856,Bigger than life
2857,Aventurera
2858,35 shots of rum
2859,Chinatown mystery
2860,Thousand suns
2861,Pipeline next door
2862,Hapax legomena
2863,Don't breathe
2864,Tell my friends that I'm dead
2865,Ali fear eats the soul
2866,Durakovo village of fools
2867,Through a lens darkly
2868,Something about Georgia
2869,In the mood for love
2870,El sur
2871,Spirit of the beehive
2872,Victor Erice Abbas Kiarostami correspondences
2873,Quince tree sun aka dream of light
2874,Bicycle Thief
2875,Primary
2876,Mighty spirit
2877,Scavengers
2878,Metal workers
2879,Great nickelodeon show
2880,Six et demi onze
2881,Ghost of Montpellier
2882,Suitcase of love and shame
2883,Missing picture
2884,Lor des mers
2885,Coeur de gueux
2886,Home care
2887,Equinox flower
2888,Sonita
2889,Notes on blindness
2890,When a woman ascends the stairs
2891,End and the beginning
2892,Innocence of memories Orhan Pamuks museum and Istanbul
2893,Last conversations
2894,Mr Gaga
2895,Sixty six
2896,Salero
2897,Shadow world
2898,Radio dreams
2899,Suite armoricaine
2900,Tokyo drifter
2901,Fat city
2902,National bird
2903,Nelson Algren live
2904,Branded to kill
2905,Age of Czeslaw Milosz
2906,Welcome to this house
2907,Color of pomegranates Sayat nova
2908,Man escaped
2909,Cicada
2910,Letter to Nelson Mandela
2911,Lavventura
2912,Dont think Ive forgotten Cambodias last rock and roll
2913,Demolition
2914,Hollow
2915,How to smell a rose
2916,Ed and Pauline
2917,H
2918,Foreign parts
2919,Two shots fired
2920,Iron ministry
2921,Romeo is bleeding
2922,Listen to me Marlon
2923,Sworn virgin
2924,El cordero
2925,Very semi serious
2926,Of men and war
2927,Old growth
2928,Under the heat lamp an opening
2929,Night falls
2930,T rex
2931,Beats of the Antonov
2932,Sunday ball
2933,O amor natural
2934,New Mo Cut: David Peoples' Lost Film of Moe's Books
2935,Austerlitz
2936,Forbidden Christ
2937,Legend of Suram fortress
2938,Wavemakers
2939,Sisterhood of night
2940,2030 nuoc
2941,Meru
2942,Tourist in the Universe
2943,The American Friend
2944,The Martyrs of Love
2945,Mare's Tail
2946,Tibet
2947,Declarative Mode
2948,Inferential Current
2949,Shutter Interface
2950,Tails
2951,The Sixth of July
2952,Game of the Apple
2953,The pistol
2954,The white wall
2955,Ischetan the Indian Boy
2956,The Last Three Days
2957,The Cool World
2958,Bless Their Little Hearts
2959,Ashes and Embers
2960,Bush mama
2961,Deathwatch
2962,The sealed soil
2963,Marius
2964,Cesar
2965,Admento
2966,Spring night summer night
2967,Sunset Blvd
2968,National gallery
2969,That which is possible
2970,Lola Montez
2971,Forgetting Vietnam
2972,Hayoun Kwon selects
2973,Cotton
2974,Piano teacher
2975,The Good Fight: The Abraham Lincoln Brigade in the Spanish Civil War
2976,"Mother mortar, father pestle"
2977,From the notebook of
2978,Kanehsatake
2979,I am somebody
2980,Gadjo Dilo
2981,Cool world
2982,Flower thief
2983,In a lonely place
2984,The big sleep
2985,Written on the wind
2986,Written on the wind conclusion
2987,Maidan
2988,Moses and Aaron
2989,Modern life
2990,I called him Morgan
2991,My little loves
2992,Othon
2993,Lancelot of the lake
2994,Liberated territories
2995,Big heat
2996,Memory exercises
2997,Collecting the uncollectible
2998,Paraguayan hammock
2999,Serenade for Haiti
3000,Life after life
3001,Wedding ring
3002,Future perfect
3003,Here come the videofreex
3004,Luminous procuress
3005,The force
3006,My Love Affair with the Brain: The Life and Science of Dr. Marian Diamond
3007,Ayiti mon amour
3008,Stalker
3009,100 years with Juan Rulfo
3010,California Typewriter
3011,Memories of underdevelopment
3012,Mifune the last samurai
3013,Evening with Ernie Gehr
3014,Seventh walk
3015,Gita Govinda
3016,Field-Trip
3017,Scenes from a Sketchbook
3018,I am not your negro
3019,Portraits and persons
3020,Bright day
3021,Music makes a city
3022,Quest for a long lost husband
3023,Suspicion
3024,Window to America
3025,Manufactured landscapes
3026,Picture of light
3027,Precious treasury
3028,Community curating
3029,End of time
3030,Petropolis
3031,Tarnished angels
3032,Silence and sanctuaries
3033,Shaft
3034,Kiki
3035,Invasion of the body snatchers
3036,Mishima
3037,Obscene
3038,Moments without proper names
3039,Nine muses
3040,Learning tree
3041,Intruder in the dust
3042,Night nurse
3043,Night waltz the music of Paul Bowles
3044,Sins of the fleshapoids
3045,The defiant ones
3046,Spring in a small town
3047,James Baldwin the price of the ticket
3048,In this our life
3049,Life of Wuxun
3050,News from home
3051,Tony Conrad completely in the present
3052,Hearts of darkness
3053,Long live the missus
3054,Martin Wong roundtable
3055,Hayoun Kwon virtual reality projects
3056,Medium cool
3057,Blockade
3058,In the fog
3059,Rudzienko
3060,Double tide
3061,Devil probably
3062,Muhi
3063,Donkeyote
3064,Not reconciled
3065,Counting
3066,Sorrows of the struggle
3067,Presidents analyst
3068,Chinese mayor
3069,Beyond enchantment
3070,Trick or treaty
3071,Russian scissors 
3072,Incident at Restigouche
3073,Richard Cardinal: Cry from the Diary of a Métis Child
3074,Christmas at Moose Factory
3075,Vampyr Swain
3076,Vampyr
3077,Swain
3078,Media burn
3079,And when I die I wont stay dead
3080,Provenance
3081,Day for night
3082,Rear window
3083,Love Streams
3084,Mulholland drive
3085,Blue velvet
3086,Twin Peaks fire walk with me
3087,Brighter summer day
3088,Beaches of Agnes
3089,Dragon Inn
3090,Tokyo ga
3091,Forbidden room
3092,Sylvester
3093,Gilda
3094,DRACULA: PAGES FROM A VIRGIN'S DIARY
3095,Dishonored
3096,"Man marked for death, twenty years later"
3097,In Jackson Heights
3098,Diary of a country priest
3099,Life for a life
3100,Argent
3101,Dawson City frozen time
3102,Shame
3103,Woodstock
3104,Ceddo
3105,Playing
3106,Presumed guilty
3107,New Babylon
3108,Interviews with My Lai veterans
3109,Winter soldier
3110,Bruce takes Dragon Town
3111,Maintenance
3112,Uprize
3113,Fanny and Alexander
3114,Distant barking of dogs
3115,Price of everything
3116,Ascension
3117,First reformed
3118,Purge this land
3119,Hale County this morning this evening
3120,Shirkers
3121,The cleaners
3122,Headless woman
3123,Fabulous Baron Munchausen
3124,Maliglutit searchers
3125,Neruda
3126,Fog of war
3127,Mapantsula
3128,Burning child
3129,Winter light
3130,Untold tales of Armistead Maupin
3131,La salamandre
3132,Summer interlude
3133,Gabbeh
3134,Sawdust and tinsel
3135,Moment of innocence
3136,Smiles of a summer night
3137,Ossessione
3138,Salaam cinema
3139,Poor little rich girl
3140,Seventh seal
3141,Wild strawberries
3142,Producers
3143,Un traductor
3144,Other side of everything
3145,Tigre
3146,Minding the gap
3147,Avraham
3148,dreamer
3149,autumn
3150,intimations
3151,Strong island
3152,Zama
3153,Jesus son
3154,Thousand midnights
3155,we all we got
3156,Atomic cafe
3157,High school
3158,My Lai
