"speakerID"	"speakerValue"
"1"	"Louis Hock"
"2"	"Lorraine Gray"
"3"	"Ginora Johnson"
"4"	"Ron Maiberg"
"5"	"Mary Woronov"
"6"	"Barbara Steele"
"7"	"Albert Johnson"
"8"	"William K. Everson"
"9"	"Andriano Apra"
"10"	"Kath Walker"
"11"	"Jean-Pierre Gorin"
"12"	"Jim Szalapski"
"13"	"Josh Hanig"
"14"	"David Davis"
"15"	"Gonzalo Herralde"
"16"	"Barbet Schroeder"
"17"	"Alejandro Grattan"
"18"	"Michael Rubbo"
"19"	"Costa Werner"
"20"	"Jon Jost"
"21"	"Haile Gerima"
"22"	"Richard Serra"
"23"	"Bobby Roth"
"24"	"Vincent Grenier"
"25"	"Dana Gordon"
"26"	"James Benning"
"27"	"Astrid Lindgren"
"28"	"Reinhard Hauff"
"29"	"Chantal Akerman"
"30"	"Yousef Chahine"
"31"	"Hans-Jurgen Syberberg"
"32"	"Nikos Panayotopolous"
"33"	"Errol Morris"
"34"	"Jacques Rouffio"
"35"	"Jean-Francois Stevenin"
"36"	"Sonia Braga"
"37"	"Maurizio Grande"
"38"	"P. Adams Sitney"
"39"	"Susan Pitt"
"40"	"Michael Snow"
"41"	"Walter Reisch"
"42"	"Rudi Fehr"
"43"	"Donald Richie"
"44"	"Roberto Vargas"
"45"	"Stanton Kaye"
"46"	"Delphine Seyrig"
"47"	"Sami Frey"
"48"	"James Toback"
"49"	"Les Blank"
"50"	"Lester Cole"
"51"	"Babette Mangolte"
"52"	"Shuji Terayama"
"53"	"Alain Tanner"
"54"	"Leslie Shatz"
"55"	"Maureen Gosling"
"56"	"Dorothy Wiley"
"57"	"Gunvor Nelson"
"58"	"Rob Nilsson"
"59"	"Andron Mikhalkov-Konchalovsky"
"60"	"Luiz Keller"
"61"	"Ian Merrick"
"62"	"Martha Ansara"
"63"	"Emmanuel Cousin"
"64"	"Friedrich Knilli"
"65"	"Tomas Gutierrez Alea"
"66"	"Larry Gottheim"
"67"	"Herbert Achternbusch"
"68"	"Bastian Cleve"
"69"	"Sohrab Shahid Saless"
"70"	"Uwe Brandner"
"71"	"Birgit Hein"
"72"	"Wilhelm Hein"
"73"	"George Griffin"
"74"	"Stephen Dwoskin"
"75"	"Hellmuth Costard"
"76"	"Sergio Castilla"
"77"	"John Nathan"
"78"	"Eckhart Stein"
"79"	"Claude Jarman"
"80"	"Florence Eldridge"
"81"	"Werner Schroeter"
"82"	"Douglas Sirk"
"83"	"George Moorse"
"84"	"Vassilis Vassilikos"
"85"	"Richard Myers"
"86"	"Walter Plunkett"
"87"	"Terrel Seltzer"
"88"	"Andrew Davis"
"89"	"Russ Meyer"
"90"	"Ralph Liddle"
"91"	"Jamaa Fanaka"
"92"	"Michael Powell"
"93"	"Herbert Feinstein"
"94"	"Stanley Donen"
"95"	"Richard Avedon"
"96"	"Issam Makdissy"
"97"	"Terry Eubanks"
"98"	"James Hall"
"99"	"Kieran Hickey"
"100"	"Christine Burrill"
"101"	"Jacques Richard"
"102"	"Carolyn Swartz"
"103"	"Ann Schaetzel"
"104"	"Yvonne Rainer"
"105"	"G. Aravindan"
"106"	"Eberhard Fechner"
"107"	"David MacDougall"
"108"	"Judith MacDougall"
"109"	"Allan Francovich"
"110"	"Howard Dratch"
"111"	"Masahiro Shinoda"
"112"	"Derek Lamb"
"113"	"Pauline Kael"
"114"	"Anne Claire Poirer"
"115"	"Bob Rosen"
"116"	"Pat Ferrero"
"117"	"Carol MonPere"
"118"	"Thomas McGuane"
"119"	"Andrej Zdravic"
"120"	"Alex Gordon"
"121"	"Robert Richter"
"122"	"Tim Bruce"
"123"	"Elfriede Fischinger"
"124"	"Michael Goodwin"
"125"	"John Lowenthal"
"126"	"Bruce Ricker"
"127"	"Eileen Bowser"
"128"	"Gabor Boby"
"129"	"Connie Helds"
"130"	"Edward Pressman"
"131"	"John Chapman"
"132"	"Anne Bohlen"
"133"	"Stephen Lighthill"
"134"	"Giles Rosseleni"
"135"	"Takahiko Iimura"
"136"	"Wim Wenders"
"137"	"Patricia Moraz"
"138"	"Petra Haffter"
"139"	"Carroll Ballard"
"140"	"Chris Welsby"
"141"	"Istvan Szabo"
"142"	"Mindy Affrime"
"143"	"Rachel Lyon"
"144"	"Susan O’Connell"
"145"	"Enno Patalas"
"146"	"Steve Horowitz"
"147"	"Robert Pansard-Besson"
"148"	"Kazoo Miyagama"
"149"	"Anna Than as"
"150"	"Albert Finney"
"151"	"Niven Busch"
"152"	"Helga Reidrniester"
"153"	"George Kuchar"
"154"	"Kevin Rocket"
"155"	"Vivienne Dick"
"156"	"Niklaus Schillino"
"157"	"Paul Robeson, Jr."
"158"	"Roger Horrochs"
"159"	"Chris Monger"
"160"	"Jeremy Lamer"
"161"	"John Jeremy"
"162"	"Jo Menell"
"163"	"Ray Harryhausen"
"164"	"Judith Rascoe"
"165"	"Diane Johnson"
"166"	"Jay Kugelman"
"167"	"Peter Rubin"
"168"	"Jørgen Leth"
"169"	"Eugene Corr"
"170"	"Ingo Petzke"
"171"	"Wayne Wang"
"172"	"Ray Keating"
"173"	"Richard Heuss"
"174"	"Amalie Rothschild"
"175"	"Joseph H. Lewis"
"176"	"Costa-Gavras"
"177"	"Edward Lewis"
"178"	"Mildred Lewis"
"179"	"John Dunkley-Smith"
"180"	"Norbert Nuckelmann"
"181"	"Warren Sonbert"
"182"	"Robert Towne"
"183"	"William Rothman"
"184"	"Louise Carre"
"185"	"Jean Beaudin"
"186"	"Maurice Hatton"
"187"	"Merce Cunningham"
"188"	"Susan Sontag"
"189"	"Pare Lorentz"
"190"	"Robert Kramer"
"191"	"Sheldon Renan"
"192"	"Toshio Matsumato"
"193"	"Shelley Duvall"
"194"	"Kenneth Anger"
"195"	"Denis Sanders"
"196"	"Erik Satie"
"197"	"Anthony Slide"
"198"	"David Neves"
"199"	"Robert Gitt"
"200"	"Martin Lucas"
"201"	"Ulrike Ottinger"
"202"	"Agust Gudmundsson"
"203"	"Zsolt Kezdi-Kovacs"
"204"	"Robin Wood"
"205"	"Alexandre Rockwell"
"206"	"Paula Gladstone"
"207"	"Klaus Telscher"
"208"	"Larry Cohen"
"209"	"Raymond Bellour"
"210"	"Lourdes Portillo"
"211"	"Nina Serrano"
"212"	"Jesus Salvador Trevino"
"213"	"Margery Wilson"
"214"	"Jerry Barrish"
"215"	"Dan Rathod"
"216"	"Sally Cruikshank"
"217"	"Ernie Fosselius"
"218"	"Stephen Gong"
"219"	"Walter Lew"
"220"	"Donald Sosin"
"221"	"David Bradley"
"222"	"Jan Troell"
"223"	"Bengt Forslund"
"224"	"JIm McBride"
"225"	"Gil Scrine"
"226"	"Alessandro Cavadini"
"227"	"Anne Wheeler"
"228"	"Anibal Cabezas"
"229"	"Mario Martinez"
"230"	"Curtis Harrington"
"231"	"Jane Weinstock"
"232"	"Mme. Malthête-Méliès"
"233"	"Nora Sayre"
"234"	"Abraham Polonsky"
"235"	"Alvah Bessie"
"236"	"Michael Rogin"
"237"	"Derek Jarman"
"238"	"Yan Nascimbene"
"239"	"Kraysztof Zanussi"
"240"	"Anton Kaes"
"241"	"Eric Rentschler"
"242"	"Stanley Cavell"
"243"	"David Bordwell"
"244"	"Sidney Peterson"
"245"	"Henry Kaiser"
"246"	"Bill Brand"
"247"	"Aaron Lipstadt"
"248"	"Christoph Hubner"
"249"	"Sharon Conzin"
"250"	"Robert Breer"
"251"	"Mitsuo Yanagimachi"
"252"	"Mark Cantor"
"253"	"Don McGlynn"
"254"	"Ron Mann"
"255"	"Emile de Antonio"
"256"	"Tom Palazzolo"
"257"	"Rudolf Bregstein"
"258"	"Monica Flaherty Frassetto"
"259"	"Stuart Sherman"
"260"	"Nathaniel Dorsky"
"261"	"James Broughton"
"262"	"James B. Harris"
"263"	"Charles Musser"
"264"	"David Owens"
"265"	"Chris Simon"
"266"	"Steven Okazaki"
"267"	"Nagisa Oshima"
"268"	"Amy Taubin"
"269"	"Daniel Barnett"
"270"	"Ernie Gehr"
"271"	"Stephane Tchalgajieff"
"272"	"Louise Peaudet"
"273"	"Paul Sharits"
"274"	"Charles Hopkins"
"275"	"Diane Orr"
"276"	"David Shepard"
"277"	"Dan Woodruff"
"278"	"Philo Bregstein"
"279"	"Giuseppe Zigaina"
"280"	"Beverly Allen"
"281"	"Tod Gitlin"
"282"	"Michael Kozell"
"283"	"Robert Hillman"
"284"	"Gian-Piero Brunetta"
"285"	"Toshiro Mifune"
"286"	"Erika Beckman"
"287"	"Charles Burnett"
"288"	"Jorge Grau"
"289"	"King Ampaw"
"290"	"Bert Gould"
"291"	"Robert Watts"
"292"	"Randy Thom"
"293"	"Jeff Kreines"
"294"	"Joel Demott"
"295"	"Villi Hermann"
"296"	"King Hu"
"297"	"Marlies Graf"
"298"	"Werner Zuber"
"299"	"Malcolm Le Grice"
"300"	"Sue Yung Li"
"301"	"Patricia Gruben"
"302"	"Willie Varela"
"303"	"Valie Export"
"304"	"Janos Rosza"
"305"	"Pascal Kane"
"306"	"Samuel Bronston"
"307"	"Jonathan Dennis"
"308"	"Witarina Harris"
"309"	"Mary Lea Bandy"
"310"	"Tom Luddy"
"311"	"Eiko Ishioka"
"312"	"Michael Chandler"
"313"	"Ellen Gaine"
"314"	"Nan Goldin"
"315"	"Bob Dalva"
"316"	"Trinh T. Minh-ha"
"317"	"Kim Shelton"
"318"	"Nancy Kelly"
"319"	"John Weldon"
"320"	"Morgan Fisher"
"321"	"Ken du Main"
"322"	"Terry Gilliam"
"323"	"Yvette Biro"
"324"	"Jan Nemec"
"325"	"Jon Gartenberg"
"326"	"Tony Rischardson"
"327"	"Clemens Klopfenstein"
"328"	"Lawrence Daressa"
"329"	"James Roy MacBean"
"330"	"Christoph Janetzko"
"331"	"Susana Munoz"
"332"	"Terry Zwigoff"
"333"	"Stanley Kramer"
"334"	"Robert Gardner"
"335"	"Fernando Birri"
"336"	"Anja Breien"
"337"	"Dennis O’Rourke"
"338"	"Paul Leduc"
"339"	"Ian Christie"
"340"	"Joe Empsucha"
"341"	"Bill Bailey"
"342"	"John Baldessari"
"343"	"Alan Pakula"
"344"	"Stan Brakhage"
"345"	"Guy Sherwin"
"346"	"David Lynch"
"347"	"Tony Buba"
"348"	"Mario Monicelli"
"349"	"Audie Bock"
"350"	"David L. Brown"
"351"	"Theresa Tollini"
"352"	"Agnieszka Holland"
"353"	"Anna-Lena Wibom"
"354"	"Scott Simmon"
"355"	"Richard Gordon"
"356"	"Lucy Phenix"
"357"	"Veronica Selver"
"358"	"Tatsu Aoki"
"359"	"Klaus Voelker"
"360"	"Elem Klimov"
"361"	"Albert Mkrtchian"
"362"	"Alan Berliner"
"363"	"Pal Schiffer"
"364"	"Jean-Claude Lebensztejn"
"365"	"Lea Pool"
"366"	"Percy Adlon"
"367"	"Miguel Littin"
"368"	"Ettore Scola"
"369"	"Xie Fei"
"370"	"Andras Szirtes"
"371"	"John Cohen"
"372"	"Doug Hall"
"373"	"Axel Corti"
"374"	"Coes Carax"
"375"	"Margit Saad"
"376"	"Alfred Behrens"
"377"	"Mike Kuchar"
"378"	"Gyula Gazdag"
"379"	"Fadwa El Guindi"
"380"	"Ronald Holloway"
"381"	"Yann Beauvais"
"382"	"Abigail Child"
"383"	"Ed Jones"
"384"	"Samuel Fuller"
"385"	"Jeanne C. Finley"
"386"	"Dale Hoyt"
"387"	"Aron Ranen"
"388"	"Tengiz Abuladze"
"389"	"DeeDee Halleck"
"390"	"Chip Lord"
"391"	"Nathalie Magnan"
"392"	"Richard Dindo"
"393"	"Chuck Kleinhaus"
"394"	"Sir Richard Attenborough"
"395"	"Rose Lowder"
"396"	"Chick Strand"
"397"	"Alex Cox"
"398"	"Mark Kitchell"
"399"	"Chen Kaige"
"400"	"Arthur Cantrill"
"401"	"Corinne Cantrill"
"402"	"Lynn  Hershman-Leeson"
"403"	"Tom Priestley"
"404"	"Marlon Riggs"
"405"	"John Adair"
"406"	"Rick Prelinger"
"407"	"David Raksin"
"408"	"Loni Ding"
"409"	"Edward Yang"
"410"	"Iralki Kwirikadze"
"411"	"Yuri Iienko Dratch"
"412"	"Nicos Papatakis"
"413"	"Raymond Red"
"414"	"Jon Schwartz"
"415"	"Charles Samu"
"416"	"Stephen Harvey"
"417"	"Deborah Gee"
"418"	"Diane Mei-Wong"
"419"	"Blaine Bartell"
"420"	"John Hanson"
"421"	"Felicia Lowe"
"422"	"Naomi de Castro"
"423"	"Ying Ying Wu"
"424"	"Peter Herwitz"
"425"	"Wu Tianming"
"426"	"Mark Soosar"
"427"	"Steve Fagin"
"428"	"Peter Wollen"
"429"	"Daniel Eisenberg"
"430"	"Tony Labat"
"431"	"Rafael Wang"
"432"	"Richard May"
"433"	"Francoise Romand"
"434"	"Tom Gunning"
"435"	"Daniel Reeves"
"436"	"Glen Gabbard"
"437"	"Larry Jackson"
"438"	"Ken Jacobs"
"439"	"Tom Trusky"
"440"	"Joe Gibbons"
"441"	"Pritt Parn"
"442"	"Sven Nykvist"
"443"	"Rob Peree"
"444"	"Leslie Thornton"
"445"	"Paul Mavrides"
"446"	"Paula Gaitan"
"447"	"Francois Dupeyron"
"448"	"Robin Anderson"
"449"	"Bob Connolly"
"450"	"Georgi Garilov"
"451"	"Johan van der Keuken"
"452"	"Raymond Rajaomarivelo"
"453"	"Don Askarian"
"454"	"Stanley Kwan"
"455"	"Lewis Klahr"
"456"	"Caroline Avery"
"457"	"James Schamus"
"458"	"Phil Solomon"
"459"	"Mitchell Block"
"460"	"Diane Kitchen"
"461"	"Judith Barry"
"462"	"Alf Bold"
"463"	"John Greyson"
"464"	"Michael Wallin"
"465"	"Barbara Hammer"
"466"	"Hector Garcia Mesa"
"467"	"R.G. Davis"
"468"	"Christian Boltanski"
"469"	"Bruce Yonemoto"
"470"	"Norman Yonemoto"
"471"	"David Ehrlich"
"472"	"Harold Lipset"
"473"	"James Harvey"
"474"	"Teddy Dibble"
"475"	"Michael Friend"
"476"	"Alan Gevinson"
"477"	"Patricia King Hanson"
"478"	"Elliot Caplan"
"479"	"David Vaughan"
"480"	"Pat O’Neill"
"481"	"Richard Kwietnowsky"
"482"	"Helke Misselwitz"
"483"	"Gudron Plenert"
"484"	"Thomas Plenert"
"485"	"Naum Kleiman"
"486"	"J. Hoberman"
"487"	"Sharon Pucker Rivo"
"488"	"Eric Saks"
"489"	"Michael Schlessenger"
"490"	"Jan-Christopher Horak"
"491"	"William Moritz"
"492"	"Phillip Mallory Jones"
"493"	"Bob Ostertag"
"494"	"Pierre Hebert"
"495"	"Susie Bright"
"496"	"Larry Jordan"
"497"	"Eleanor Antin"
"498"	"Michael Niamark"
"499"	"Phil Patris"
"500"	"Leslie Singer"
"501"	"Henry Hills"
"502"	"Arthur Dong"
"503"	"Peter Hutton"
"504"	"Jerzy Kucia"
"505"	"Vicky Holt Takamine"
"506"	"Amos Vogel"
"507"	"Bruce Jenkins"
"508"	"Raul Ruiz"
"509"	"Marceline Loridan"
"510"	"Amir Naderi"
"511"	"Cheik Oumar Sissoko"
"512"	"Jaoa Cesar Monteiro"
"513"	"Edmund Merhige"
"514"	"Sergei Bodrov"
"515"	"Lucia Murat"
"516"	"Theresa Hak Kyung Cha"
"517"	"Spencer Nakasako"
"518"	"Martin Arnold"
"519"	"Vibeke Vogel"
"520"	"Jerry Tartaglia"
"521"	"Anatole Dauman"
"522"	"Konrad Steiner"
"523"	"Frances Torres"
"524"	"Davlat Khudonazarov"
"525"	"Zdenek Sirovy"
"526"	"Stephen Kovaks"
"527"	"Matthias Mueller"
"528"	"Merata Mita"
"529"	"Geoff Murphy"
"530"	"Dan Curry"
"531"	"Jonathan Robinson"
"532"	"David Rathod"
"533"	"Douglas Kahn"
"534"	"J.M. Winter"
"535"	"Kidlat Tahimik"
"536"	"Jim Hart"
"537"	"Reg Davidson"
"538"	"David Rimmer"
"539"	"Mel Gordon"
"540"	"Charlotte Jennings"
"541"	"Herbert Reynolds"
"542"	"Ishmael Reed"
"543"	"Peter Adair"
"544"	"Lynne Sachs"
"545"	"Eder Santos"
"546"	"Bob Kaputoff"
"547"	"Linda Tadic"
"548"	"Tony Oursler"
"549"	"Ruby L. Oliver"
"550"	"David Thomson"
"551"	"Abraham Ravett"
"552"	"Go Riju"
"553"	"Hitoshi Yazaki"
"554"	"Patti Podesta"
"555"	"Vivian Ostrovsky"
"556"	"Martine Rousset"
"557"	"Walter Murch"
"558"	"Ernest Dickerson"
"559"	"Piotr Bikont"
"560"	"Monti Aguirre"
"561"	"Glenn Switkes"
"562"	"Barbara Kopple"
"563"	"Paul Carpita"
"564"	"Otar Iosseliani"
"565"	"Arthur Peleshian"
"566"	"Yuri Mamin"
"567"	"Marlen Khutsiev"
"568"	"Karen Gevorkian"
"569"	"Larry Bensky"
"570"	"Marilyn Fabe"
"571"	"Melissa Gibbs"
"572"	"Barry Gifford"
"573"	"Portia Cobb"
"574"	"Douglas Rosenberg"
"575"	"Craig Baldwin"
"576"	"Beverly Marx"
"577"	"William Nestrick"
"578"	"Jordan Biren"
"579"	"Jurgen Reble"
"580"	"Cecilia Dougherty"
"581"	"Reidar Jonsson"
"582"	"John Hanhardt"
"583"	"Angela Haardt"
"584"	"Donna Cameron"
"585"	"Paolo Cherchi Usai"
"586"	"Adrian Johnson"
"587"	"Awele Makeba"
"588"	"Lejf Marcussen"
"589"	"Ismail Merchant"
"590"	"Louise O'Konor"
"591"	"Olle Hedman"
"592"	"Kip Fulbeck"
"593"	"Harun Farocki"
"594"	"Julie Murray"
"595"	"Jay Rosenblatt"
"596"	"Greta Snider"
"597"	"Ulysses Jenkins"
"598"	"Yuri Tsivian"
"599"	"Jon Moritsugu"
"600"	"Jacques Boyreau"
"601"	"Elizabeth Canning"
"602"	"Beth B"
"603"	"Julianne Burton"
"604"	"Roddy Bogawa"
"605"	"Suzie Bauer"
"606"	"Michael Gitlin"
"607"	"Luis Valdovino"
"608"	"Nidhi Singh"
"609"	"Michel Ocelot"
"610"	"Dmitry Astrakhan"
"611"	"Elia Suleiman"
"612"	"Maj Wechselmann"
"613"	"Sarunas Bartas"
"614"	"Péter Forgács"
"615"	"Gillies Mackinnon"
"616"	"Helke Sander"
"617"	"Cheik Doukoure"
"618"	"Daniele Luchetti"
"619"	"Henning Carlsen"
"620"	"Richard Lerman"
"621"	"Thierry Jousse"
"622"	"Nicolas Saada"
"623"	"Henrietta Fischer"
"624"	"Agnes Fischer"
"625"	"Stephen Roszell"
"626"	"Britta Sjogren"
"627"	"Timothy Asch"
"628"	"Sam Arkoff"
"629"	"Homer Flynn"
"630"	"John Sanbourn"
"631"	"The Residents"
"632"	"Russell Merritt"
"633"	"Lida Ehrlich"
"634"	"Susanne Fairfax"
"635"	"Lisa Austin"
"636"	"Elise Hurwitz"
"637"	"Post Modern Sisters"
"638"	"Edward De Grazia"
"639"	"Carla Liss"
"640"	"Ted Pushinsky"
"641"	"Leonard Leff"
"642"	"David Desser"
"643"	"James Forsher"
"644"	"Michael Donnelly"
"645"	"Gretchen Stoeltje"
"646"	"D. Scott Hessels"
"647"	"P. James Keitel"
"648"	"Christine Tamblyn"
"649"	"Dusan Makavejev"
"650"	"Gurinder Chada"
"651"	"Lawrence Chua"
"652"	"M.G. Magnaye"
"653"	"J. Cheng"
"654"	"J. Lee"
"655"	"E. Swat"
"656"	"Barry Purves"
"657"	"Nina Fonoroff"
"658"	"Michael Renov"
"659"	"Michael Tracy"
"660"	"Rosa Linda Fregoso"
"661"	"Jeffrey Skoller"
"662"	"Michael Maziere"
"663"	"Tatsuya Nakadai"
"664"	"Jed Riffe"
"665"	"Peter Sehr"
"666"	"Shu Lea Cheang"
"667"	"Zhang Yuan"
"668"	"Kelly Reichardt"
"669"	"Pawel Paulikowski"
"670"	"Philippe Collin"
"671"	"Andras Szoke"
"672"	"Heddy Honigmann"
"673"	"Artur Aristakisian"
"674"	"Semian Arandvich"
"675"	"Nedzad Begovic"
"676"	"Jolata Dylenska"
"677"	"Kornilijus Maiuzevicius"
"678"	"Erin Sax"
"679"	"Gregg Bordowitz"
"680"	"Greg Mehrten"
"681"	"Isaac Julien"
"682"	"Riyad Vinci Wadia"
"683"	"Jim Ludtke"
"684"	"Jeff Cretcher"
"685"	"Jim Petrillo"
"686"	"Elise Baldwin"
"687"	"Carol Clover"
"688"	"Robin Allan"
"689"	"Adrian Velicescu"
"690"	"Claire Aguilar"
"691"	"Tom Di Maria"
"692"	"Julia Tell"
"693"	"Nora Ligorano"
"694"	"Marshall Reese"
"695"	"Veve Clark"
"696"	"Steve Anker"
"697"	"Robert Stam"
"698"	"Dana Sachs"
"699"	"Seymour Chatman"
"700"	"Mike Wilkins"
"701"	"Gavriel Moses"
"702"	"Bette Jean Bullert"
"703"	"Henry Medina"
"704"	"Kutleug Ataman"
"705"	"J. Finley"
"706"	"M. Nanji"
"707"	"C. Dannenbaum"
"708"	"Peggy Ahwesh"
"709"	"Laura Hyuni Kang"
"710"	"Elaine Kim"
"711"	"Moira Roth"
"712"	"Larry Rinder"
"713"	"Jan Oxenberg"
"714"	"Van McElwee"
"715"	"Brian Danitz"
"716"	"Robert Kinney"
"717"	"Dorothy Nelson"
"718"	"Margaret Norse"
"719"	"Rosa linda Fregoso"
"720"	"Lucia Grossberger-Morales"
"721"	"Celine Salazar Perrenas"
"722"	"Fatima Tobing Rony"
"723"	"Maria Luisa Mendonca"
"724"	"Cheryl Dunye"
"725"	"Desi Del Valle"
"726"	"Joyce Lee"
"727"	"Jocelyn Taylor"
"728"	"Arturo Ripstein"
"729"	"Otto Tausig"
"730"	"Vincent Monnikendam"
"731"	"Jack Vincent"
"732"	"Moufida Tlatli"
"733"	"Julio Garcia Espinosa"
"734"	"Claire Denis"
"735"	"Dominic Angerame"
"736"	"Pascal Aubier"
"737"	"Larry Reed"
"738"	"Kathy Katz"
"739"	"Jean-Pierre Filiu"
"740"	"Marshall Gaddis"
"741"	"Ruth Leitman"
"742"	"Pam Grier"
"743"	"Peter d’Agostino"
"744"	"Sharon Rivo"
"745"	"David E. James"
"746"	"Ilene Segalove"
"747"	"Peter Selz"
"748"	"Peter Schamoni"
"749"	"Lupita Aquino-Kashiwahara"
"750"	"Mauro Feria Tumbocon"
"751"	"Digna Santiago"
"752"	"George Stoney"
"753"	"Daniel Schmid"
"754"	"Bruce Conner"
"755"	"Keith Evans"
"756"	"Christian Farrell"
"757"	"Jeff Warrin"
"758"	"Janis Crystal Lipzin"
"759"	"Silt"
"760"	"Marguerite Engberg"
"761"	"Norman Katz"
"762"	"Mark Sandberg"
"763"	"Sokly Ny"
"764"	"Maria Troy"
"765"	"Leslie Asako Gladsjo"
"766"	"Patricia Zimmermann"
"767"	"Laura Mulvey"
"768"	"Ruth Ozeki Lounsbury"
"769"	"Carma Hinton"
"770"	"Janet Bergstrom"
"771"	"David Williams"
"772"	"Maria Zmarz-Koczanowicz"
"773"	"John Columbus"
"774"	"Kim Roberts"
"775"	"Charles Lofton"
"776"	"Kadet Kuhne"
"777"	"Jim Hubbard"
"778"	"Stuart Gaffney"
"779"	"Stephen Vitiello"
"780"	"Iain Boal"
"781"	"Lisanne Skyler"
"782"	"Ruth Weiss"
"783"	"Guido Fink"
"784"	"Lynda Goode Bryant"
"785"	"Wu Di"
"786"	"Martin Sulik"
"787"	"Marek Pinowski"
"788"	"Laurent Chevallier"
"789"	"Michel Khleifi"
"790"	"Fernando Perez"
"791"	"Daniel Diaz-Torres"
"792"	"Bel kacem Hadjadj"
"793"	"Paul Meyer"
"794"	"Randa Chahal Sabbag"
"795"	"Peter Bratt"
"796"	"David Sherman"
"797"	"Fred Kelemen"
"798"	"Malik Chibane"
"799"	"Werner Penzel"
"800"	"Nicolas Humbert"
"801"	"Ning Ying"
"802"	"Frauke Sandig"
"803"	"Jennifer Reeves"
"804"	"John Thompson"
"805"	"Michelle Handelman"
"806"	"Vivian Kleiman"
"807"	"Susan Abod"
"808"	"Mark Pacholec"
"809"	"Jessica Yu"
"810"	"Laura Kipnis"
"811"	"Robert Tullis"
"812"	"Deke Weaver"
"813"	"Steven Stahler"
"814"	"Sarah Lewison"
"815"	"Florence Dore"
"816"	"Dennis James"
"817"	"Musica Curiosa Ensemble"
"818"	"Joao Luiz Veira"
"819"	"Andrew Griffin"
"820"	"Rachel Libert"
"821"	"Richard Hutson"
"822"	"Anh Bui"
"823"	"Stanley Tucci"
"824"	"Larry Jacobs"
"825"	"Kyoko Hirano"
"826"	"Tula Asselanis"
"827"	"Stephen Beck"
"828"	"Bart Weiss"
"829"	"Thom Andersen"
"830"	"Jack Walsh"
"831"	"Laurence Arcadias"
"832"	"Mike Cachuela"
"833"	"Cameron Noble"
"834"	"Zoe Beloff"
"835"	"Norma Barzman"
"836"	"Karen Morley"
"837"	"Paul Jarrico"
"838"	"Jane Cottis"
"839"	"Kate Kline May"
"840"	"Mandy Jacobson"
"841"	"Karmen Jelincic"
"842"	"Jadranka Cigelj"
"843"	"Nusreta Sivac"
"844"	"Fred Camper"
"845"	"Dan Bond,"
"846"	"Greg Durbin"
"847"	"Jan Krawitz"
"848"	"Marlon Fuentes"
"849"	"Leighton Pierce"
"850"	"Chana Pollack"
"851"	"Tim Wilkins"
"852"	"Sami Alkassim"
"853"	"Nacer Khemir"
"854"	"Sabina Khemir"
"855"	"Magda Wassef"
"856"	"Lynn Hamrick"
"857"	"Kelley Baker"
"858"	"Jon Jang"
"859"	"Sherry Millner"
"860"	"Alan Sekula"
"861"	"Celine Parrenas"
"862"	"Shelly Silver"
"863"	"Cecilia Condit"
"864"	"Kathleen Woodward"
"865"	"Akira Mizuta Lippitt"
"866"	"Su Friedrich"
"867"	"Hartmut Bitomsky"
"868"	"Thierry Michel"
"869"	"Gustavo Mosquera"
"870"	"Bia Lessa"
"871"	"Dany Roland"
"872"	"Francesco Rosi"
"873"	"Werner Schweizer"
"874"	"Jan Svankmajer"
"875"	"Moussa Sene Absa"
"876"	"Jose Araujo"
"877"	"Ira Sachs"
"878"	"Dusan Hanak"
"879"	"Kerry Laitala"
"880"	"Timoleon Wilkins"
"881"	"Joby Fanon"
"882"	"Fanotte Fanon"
"883"	"Ralph Johnson"
"884"	"Lloyd Dunn"
"885"	"Owen Land"
"886"	"Stephen Frears"
"887"	"Mark Becker"
"888"	"Ken Fuhrman"
"889"	"John Canemaker"
"890"	"John Kirk"
"891"	"Eric Smoodin"
"892"	"Torsten Zenas Burns"
"893"	"Anthony Discenza"
"894"	"John Muse"
"895"	"George Yoshida"
"896"	"William Jones"
"897"	"Valerie Soe"
"898"	"Wojciech Has"
"899"	"Robert Beavers"
"900"	"Mike Davis"
"901"	"David Reid"
"902"	"Kerwin Lee Klein"
"903"	"Debra Zimmerman"
"904"	"Deborah Stratman"
"905"	"Sharon Lockhart"
"906"	"Bill Morrison"
"907"	"Michelle Valladares"
"908"	"Paul Alexander Juutilainen"
"909"	"Anne Mcguire"
"910"	"Kia Simon"
"911"	"Jon Moritsuga"
"912"	"Alberto Sordi"
"913"	"Anne Nesbet"
"914"	"Karl F. Cohen"
"915"	"William Wegman"
"916"	"Deborah Kaufman"
"917"	"Bari Scott"
"918"	"Alan Snitow"
"919"	"Alice Ann Parker"
"920"	"Jem Cohen"
"921"	"Janet Martinez"
"922"	"Hima B"
"923"	"Eliza Barrios"
"924"	"Lara Miranda"
"925"	"Sienne Mclean"
"926"	"Nicole Atkinson"
"927"	"Anita Chang"
"928"	"Zhang Ci"
"929"	"Berenice Reynaud"
"930"	"Kelly Saeteurn"
"931"	"Tony Saelio"
"932"	"Karen Ishizuka"
"933"	"Orville Schell"
"934"	"Gary Adlestein"
"935"	"Jerry Orr"
"936"	"Heinz Emigholz"
"937"	"Jesse Lerner"
"938"	"Ximena Cuevas"
"939"	"Henri Morris"
"940"	"Rita Gonzalez"
"941"	"Pedro Costa"
"942"	"Christopher Nolan"
"943"	"Nina Dickens"
"944"	"Yamina Chouikh"
"945"	"Johan Grimonprez"
"946"	"David Janssen"
"947"	"Ulrike Koch"
"948"	"Eugene Martin"
"949"	"Pablo de Ocampo"
"950"	"Georgi Khaindrava"
"951"	"Lidia Bobrova"
"952"	"Ademir Kenovic"
"953"	"Vicky Funari"
"954"	"Paulina Cruz Suarez"
"955"	"Jennifer Mayterena Taylor"
"956"	"Ron Havilio"
"957"	"Lee Chang-Dong"
"958"	"Robert Frank"
"959"	"Christopher Ruggia"
"960"	"Rafi Pitts"
"961"	"Lee Kang-Sheng"
"962"	"Fatima Jebli Ouazzani"
"963"	"Dima El-Horr"
"964"	"Doug Foster"
"965"	"Patrick Friel"
"966"	"Amanda Richeli"
"967"	"Jennifer Paige"
"968"	"Andy Abrahams Wilson"
"969"	"Chiori Santiago"
"970"	"Joell Hallowell"
"971"	"Jacalyn White"
"972"	"Stephen Kent Jusick"
"973"	"Amy Holberg"
"974"	"Scott MacDonald"
"975"	"Eugene Rosow"
"976"	"Susumu Hani"
"977"	"Cornelius Moore"
"978"	"Eric Lin"
"979"	"Clinton Bagwell"
"980"	"Samara Halperin"
"981"	"Yoriko Washiyama"
"982"	"Alesandra Dubin"
"983"	"Adria Pickett"
"984"	"Jennifer Wallis"
"985"	"Liz Allbee"
"986"	"Khrystene Charles"
"987"	"Billy Caliente"
"988"	"Mary Jane Tapalla"
"989"	"Robert Wise"
"990"	"Chris Robbins"
"991"	"Tran T. Kim-Trang"
"992"	"Wolfgang Ruf"
"993"	"Calogero Salvo"
"994"	"Andre de Toth"
"995"	"Peter Gessner"
"996"	"Osha Neumann"
"997"	"Paul Krassner"
"998"	"Arlene Goldbard"
"999"	"Anne Weills"
"1000"	"David Wellman"
"1001"	"Ronnie Davis"
"1002"	"Stephen Peet"
"1003"	"Todd Gitlin"
"1004"	"Dan Einstein"
"1005"	"Barbara Christian"
"1006"	"Vojtech Jasny"
"1007"	"Semere Haile"
"1008"	"Mani Kaul"
"1009"	"organ score"
"1010"	"Satti Kanna"
"1011"	"Edith Kramer"
"1012"	"Xie Jin"
"1013"	"Werner Grusch"
"1014"	"Taieb Louhichi"
"1015"	"Rodolfo Kuhn"
"1016"	"William Ault"
"1017"	"Nobuhiro Kawanaka"
"1018"	"Rudy Burckhardt"
"1019"	"Joaquim Pinto"
"1020"	"Li Shiaohong"
"1021"	"Patricio Guzman"
"1022"	"Dominic Gentile"
"1023"	"Fernando Solanas"
"1024"	"Goran Paskaljevic"
"1025"	"Fanta Regina Nacro"
"1026"	"Dana Rotberg"
"1027"	"Urs Egger"
"1028"	"Jasmin Tabatabai"
"1029"	"Werner Herzog"
"1030"	"Marcel Gisler"
"1031"	"John Maybury"
"1032"	"Manuel Poirier"
"1033"	"Michael Kalik"
"1034"	"Alexander Caizatti"
"1035"	"Kathy High"
"1036"	"Ellen Spiro"
"1037"	"Irma Achten"
"1038"	"Teresa Marshall"
"1039"	"Craig Berggold"
"1040"	"Quentin Lee"
"1041"	"Teo Maniaci"
"1042"	"Francine Rzeznick"
"1043"	"B. Ruby Rich"
"1044"	"Kate Bornstein"
"1045"	"Daniel Mangin"
"1046"	"Bill Oliver"
"1047"	"Christopher Leo Daniels"
"1048"	"Randy Rovang"
"1049"	"Kerry Snyder"
"1050"	"Jordan Simmons"
"1051"	"Redge Green"
"1052"	"Mia Amato"
"1053"	"Wavy Gravy"
"1054"	"David Lebrun"
"1055"	"Buck Henry"
"1056"	"Julia Trahan"
"1057"	"Scott Stark"
"1058"	"Mary Watkins"
"1059"	"Gail Silva"
"1060"	"Karl Knapper"
"1061"	"Lynn Kirby"
"1062"	"Lynn Hershman Leeson"
"1063"	"Essex Hemphill"
"1064"	"Herman Gray"
"1065"	"Tom Goldstein"
"1066"	"Blackberri"
"1067"	"Jeremy Marre"
"1068"	"Ilisa Barbash"
"1069"	"Lucien Taylor"
"1070"	"John Sanborn"
"1071"	"Nayland Blake"
"1072"	"Stephen Beach"
"1073"	"David Wojnarowicz"
"1074"	"Laszlo Santha"
"1075"	"Leslie Alperin"
"1076"	"Veronika Soul"
"1077"	"Stefan Ferreira Cluver"
"1078"	"Bob Paris"
"1079"	"Christiane Badgley"
"1080"	"Lynn Marie Kirby"
"1081"	"Gustavo Vasquez"
"1082"	"Marco Williams"
"1083"	"Phillip Lopate"
"1084"	"Matthew McCormick"
"1085"	"Animal Charm"
"1086"	"Douglas Davis"
"1087"	"Hu Tai-Li"
"1088"	"Martha Colburn"
"1089"	"Sophie Constantinou"
"1090"	"Bruno Mousaingeon"
"1091"	"Kaja Silverman"
"1092"	"Carlos Nader"
"1093"	"Shima Iwashita"
"1094"	"Stuart Klawans"
"1095"	"Luke Gibbons"
"1096"	"YiLing Mao"
"1097"	"Daw-Ming lee"
"1098"	"Tsao Wen-Chieh"
"1099"	"Mayaw Bibo"
"1100"	"Chen Shuo-Yi"
"1101"	"Yang Li-Chou"
"1102"	"Charlotte Fadipe"
"1103"	"Sapana Sakya"
"1104"	"Saidah Said"
"1105"	"Gabriela Quiros"
"1106"	"Emiko Omori"
"1107"	"Chizu Omori"
"1108"	"Chris Petit"
"1109"	"Manny Farber"
"1110"	"Emma Matthews"
"1111"	"Paz Alicia Garciadiego"
"1112"	"Andrey Osipov"
"1113"	"Laura Gabbert"
"1114"	"Kevin Black"
"1115"	"Scott Rosenfelt"
"1116"	"Alexander Stuart"
"1117"	"Dixie Linder"
"1118"	"Teemour Diop Mambety"
"1119"	"Velvy Appleton"
"1120"	"MacKenzie Oppenheim"
"1121"	"Michael Glawogger"
"1122"	"Marco Amenta"
"1123"	"Serik Aprymov"
"1124"	"Alexei Guerman"
"1125"	"Svetlana Karmalita"
"1126"	"Hiroshi Shimizu"
"1127"	"Gary HIll"
"1128"	"Robert Zagone"
"1129"	"Beth Custer"
"1130"	"Linda Williams"
"1131"	"Beth Custer Ensemble"
"1132"	"Jim McKay"
"1133"	"Faith Hubley"
"1134"	"Jim Jennings"
"1135"	"Ellen Ugelstad"
"1136"	"Alfonso Alvarez"
"1137"	"Tsering Rhitar Sherpa"
"1138"	"Lee Kang-I"
"1139"	"Valery Ogorodnikov"
"1140"	"Claire Simon"
"1141"	"Jose Palafox"
"1142"	"Kiron Kher"
"1143"	"Park Joong-Hoon"
"1144"	"Yesim Ustaoglu"
"1145"	"Kahlil  Joreige"
"1146"	"Terry Fremaux"
"1147"	"Institute Lumiere"
"1148"	"Ellen Osborne"
"1149"	"Atef Hetata"
"1150"	"Dimos Avdeliodis"
"1151"	"Patrick Loughney"
"1152"	"Travis Wilkerson"
"1153"	"Mark Kidel"
"1154"	"David Peters"
"1155"	"Ken Coupland"
"1156"	"Akihito Shiota"
"1157"	"Janie Geiser"
"1158"	"Angela Dalle Vacche"
"1159"	"Hunt Hoe"
"1160"	"Michaela Pavlatova"
"1161"	"Joanna Priestley"
"1162"	"Sandra Davis"
"1163"	"David Gatten"
"1164"	"Luis Recoder"
"1165"	"Mark Street"
"1166"	"Bill Brown"
"1167"	"Frances Reid"
"1168"	"Deborah Hoffman"
"1169"	"Melinda Stone"
"1170"	"Mick LaSalle"
"1171"	"Dolissa Medina"
"1172"	"Ramin Serry"
"1173"	"Shanna Lyon"
"1174"	"David Ackert"
"1175"	"Shaun Toub"
"1176"	"Maziyar Johram"
"1177"	"Michella Rivera-Gravage"
"1178"	"Barbara Abrash"
"1179"	"Budd Boetticher"
"1180"	"Jere Guldin"
"1181"	"Keith Sanborn"
"1182"	"Susanna Donovan"
"1183"	"Kelly St. John"
"1184"	"Mansur Madavi"
"1185"	"Shirin Neshat"
"1186"	"Khaled Youssef"
"1187"	"Yousra"
"1188"	"Hisham Selim"
"1189"	"Serge Bromberg"
"1190"	"Cade Bursell"
"1191"	"Minyong Yang"
"1192"	"George Butler"
"1193"	"Maria Novaro"
"1194"	"Bernard Menez"
"1195"	"Bela Tarr"
"1196"	"Leonard Bruno"
"1197"	"Chi-yoon Chung"
"1198"	"Mark Toscano"
"1199"	"Pepe Urquijo"
"1200"	"Daniel Carrera"
"1201"	"Brett Simon"
"1202"	"Kathy Geritz"
"1203"	"Ashley James"
"1204"	"Amos Gitai"
"1205"	"Leslie Iwerks"
"1206"	"Holly Near"
"1207"	"Martin Koerber"
"1208"	"Vincent Carelli"
"1209"	"Grover Crisp"
"1210"	"Jacqueline Goss"
"1211"	"Patrick Macias"
"1212"	"Yamina Benguigui"
"1213"	"Kristin Lucas"
"1214"	"Giuseppe Petitto"
"1215"	"Alberto Vendemmiati"
"1216"	"Fabrizio Lazzaretti"
"1217"	"Carlos Bolado"
"1218"	"Sonia Shiri"
"1219"	"Robyn Takayama"
"1220"	"Merlyn Bilas"
"1221"	"Wendy Fong"
"1222"	"Debbie Lum"
"1223"	"Yvette Smalls"
"1224"	"Kathryn Xian"
"1225"	"Tania Kamal-Eidin"
"1226"	"Maryam Gharavi"
"1227"	"Fredeswinda Santos"
"1228"	"April Faith"
"1229"	"Jennifer Thuy"
"1230"	"Lan Phan"
"1231"	"Seema Shastri"
"1232"	"Tina Bastajian"
"1233"	"Leslye James"
"1234"	"Linda Ohama"
"1235"	"Wonsuk Chin"
"1236"	"Seung-Hyun Yoo"
"1237"	"Minoru Matsui"
"1238"	"Gail Dolgin"
"1239"	"Vicente Franco"
"1240"	"Najwa Najjar"
"1241"	"Marcie Aroy"
"1242"	"Richard Adams"
"1243"	"Alexis Bloom"
"1244"	"Peter Nicks"
"1245"	"Elizabeth Barret"
"1246"	"Lucy Masie Phenix"
"1247"	"Gurney Norman"
"1248"	"Mimi Pickering"
"1249"	"Appalshop"
"1250"	"Hazel Dickens"
"1251"	"Archie Green"
"1252"	"Donigan Cumming"
"1253"	"Deniz Göktürk"
"1254"	"Garrett Scott"
"1255"	"Jayce Salloum"
"1256"	"Nguyen Tan Hoang"
"1257"	"Keren Albala"
"1258"	"Franck Rey-Herme"
"1259"	"Ian Kibbey"
"1260"	"Erick Fefferman"
"1261"	"Keith Telfeyan"
"1262"	"John O'Malley"
"1263"	"Juan A. Gómez-Quiñones"
"1264"	"Matt Constantine"
"1265"	"Brenda Jean Grell"
"1266"	"John Gianvito"
"1267"	"Orlando Lubbert"
"1268"	"Hirokazu Kore-eda"
"1269"	"Wang Guangli"
"1270"	"Mika Kaurismaki"
"1271"	"Orlando Rojas"
"1272"	"Johnny Symons"
"1273"	"Melissa Regan"
"1274"	"Hrabba Gunnarsdottir"
"1275"	"Tina Naccache"
"1276"	"Sheila Sofian"
"1277"	"Anand Patwardhan"
"1278"	"Bertha Sa Bay-Pan"
"1279"	"Sven Taddicken"
"1280"	"Desireé Arlette Holman"
"1281"	"Gabriel Peters-Lazaro"
"1282"	"Sam Ball"
"1283"	"Stephanie Rothman"
"1284"	"Mike Mashon"
"1285"	"Karina Epperlein"
"1286"	"Midori Sawato"
"1287"	"Amy Crocker"
"1288"	"Robert Korda"
"1289"	"Keith Devlin"
"1290"	"Dave Bayer"
"1291"	"Robert Osserman"
"1292"	"Steven Finacom"
"1293"	"Michael Singer"
"1294"	"George Kachadorian"
"1295"	"Rob Graham"
"1296"	"Sharon Rutter"
"1297"	"Todd Herman"
"1298"	"Francis Kohler"
"1299"	"Michael Loggins"
"1300"	"Fiona Shaw"
"1301"	"Tony Taccone"
"1302"	"Eric Theise"
"1303"	"Nathanial Dorsky"
"1304"	"Cindy Keefer"
"1305"	"Xan Price"
"1306"	"Jennifer Kapczynski"
"1307"	"Sam Zia-Zarifa"
"1308"	"Judith Helfland"
"1309"	"Gus Van Sant"
"1310"	"Bertrand Tavernier"
"1311"	"Frederick Wiseman"
"1312"	"Michael Gray"
"1313"	"Kathleen Cleaver"
"1314"	"Katy Shroud"
"1315"	"Paul Kos"
"1316"	"Heiner Stadler"
"1317"	"Penny Woolcock"
"1318"	"Eliseo Subiela"
"1319"	"Michel Aviad"
"1320"	"John Shenk"
"1321"	"Megan Mylan"
"1322"	"Robb Moss"
"1323"	"Olga Rozanova"
"1324"	"Sam Green"
"1325"	"Michael Wilson"
"1326"	"Gyorgy Polfi"
"1327"	"Manijeh Hekmat"
"1328"	"Myron Meisel"
"1329"	"Tiffany Shlain"
"1330"	"Richard Bach"
"1331"	"Robert Fenz"
"1332"	"Anthony Taylor"
"1333"	"Kim Wood"
"1334"	"Neil Brand"
"1335"	"Jordan Belson"
"1336"	"Paul Dinocchio"
"1337"	"Daniel Gordon"
"1338"	"Stephen Jay Schneider"
"1339"	"James Curtis"
"1340"	"Jean Butler"
"1341"	"Ronald Fields"
"1342"	"Hanna Schupbach"
"1343"	"Greg Niemeyer"
"1344"	"Nozumu Takahashi"
"1345"	"Kaori Shoji"
"1346"	"Jonathan Karsh"
"1347"	"Gregorio Rocha"
"1348"	"Greil Marcus"
"1349"	"Anna Geyer"
"1350"	"Damon Damonte"
"1351"	"Steve Seid"
"1352"	"Lee Anne Schmitt"
"1353"	"Andrea Holley"
"1354"	"Richard Dicker"
"1355"	"Glenn Galaich"
"1356"	"Bradley Eros"
"1357"	"Jeanne Liotta"
"1358"	"Jon Else"
"1359"	"Ching C. Ip"
"1360"	"Im Sang Soo"
"1361"	"Royston Tan"
"1362"	"Marita Sturken"
"1363"	"Michelle Dixon"
"1364"	"Patricia A. Turner"
"1365"	"Noel Lawrence"
"1366"	"Jehane Noujaim"
"1367"	"Elsa Zylberstein"
"1368"	"Patrick Bossard"
"1369"	"Emmanuel Carrere"
"1370"	"Fabrice Guez"
"1371"	"Eyal Sivan"
"1372"	"Mark Achbar"
"1373"	"Ra’anan Alexandrowicz"
"1374"	"Yoav Shamir"
"1375"	"Jess Fulton"
"1376"	"Robert Stone"
"1377"	"Andrzej Jakimowski"
"1378"	"Eija-Liise Ahtila"
"1379"	"Mike Pogorzelski"
"1380"	"Mitsuhiro Yoshimoto"
"1381"	"Daisuke Miyao"
"1382"	"Guy Maddin"
"1383"	"Aniruddha Vaidya"
"1384"	"Jonathan M. Hall"
"1385"	"Michelle Puetz"
"1386"	"Eric Marin"
"1387"	"Ellen Fullman"
"1388"	"Oliver DiCicco"
"1389"	"Craig Seligman"
"1390"	"Yuksel Yavuz"
"1391"	"Charles Koppelman"
"1392"	"Laura Marks"
"1393"	"Alassane Sow"
"1394"	"Lisa Marie Rollins"
"1395"	"LaToya Beck"
"1396"	"Anna Livia"
"1397"	"Caroline Yeager"
"1398"	"Amie Siegel"
"1399"	"Rainey Strauss"
"1400"	"Nicolas Philibert"
"1401"	"Leigh Radford"
"1402"	"Andrew Noren"
"1403"	"Stanley Yung"
"1404"	"Caryn Waechter"
"1405"	"Bai Ling"
"1406"	"Ian Gamazon"
"1407"	"Neill dela Llana"
"1408"	"Lav Diaz"
"1409"	"Arianne Ulmer Cipes"
"1410"	"Betsy Bromberg"
"1411"	"Marina Goldovskaya"
"1412"	"Benedek Fliegauf"
"1413"	"Lucrecia Martel"
"1414"	"Raymond Depardon"
"1415"	"Frank Le Wita"
"1416"	"Arten Tasseilari"
"1417"	"Victor Herbert"
"1418"	"Adam Curtis"
"1419"	"Petr Zalica"
"1420"	"Marjaneh Moghimi"
"1421"	"Haneda Sumiko"
"1422"	"Miranda July"
"1423"	"Thomas Comerford"
"1424"	"Jean-Marie Teno"
"1425"	"Jim Newman"
"1426"	"Phil Makanna"
"1427"	"Tim Newman"
"1428"	"Darryl Henriques"
"1429"	"Michael Mashon"
"1430"	"Bernadine Mellis"
"1431"	"Wago Kreider"
"1432"	"Semiconductor"
"1433"	"Ruth Jarman"
"1434"	"Joe Gerhardt"
"1435"	"Caroline Martel"
"1436"	"Jos De Putter"
"1437"	"Peter Delpeut"
"1438"	"James Mackay"
"1439"	"John Wranovics"
"1440"	"Peter Kubelka"
"1441"	"Sandra Schulberg"
"1442"	"Ed Carter"
"1443"	"Akira Tochigi"
"1444"	"Fumiaki Itakura"
"1445"	"Robert Haller"
"1446"	"Christina Von Hodenberg"
"1447"	"Robert M. Berdahl"
"1448"	"Richard Buxbaum"
"1449"	"Michael Nacht"
"1450"	"Melissa Peckinpah"
"1451"	"Susan Oxtoby"
"1452"	"Gary Beydler"
"1453"	"Anthony Harvey"
"1454"	"Leonide Massine"
"1455"	"Larissa Shepitko"
"1456"	"Kelly Duane De La Vega"
"1457"	"Katie Galloway"
"1458"	"Bradley Crowder"
"1459"	"Ila von Hasperg"
"1460"	"Judith Rosenberg"
"1461"	"Michel Brault"
"1462"	"Patrick Ellis"
"1463"	"JP Gorin"
"1464"	"Stefan Drossler"
"1465"	"Various Artists"
"1466"	"Tony Lin"
"1467"	"Rachel Shigekane"
"1468"	"Don Bernier"
"1469"	"Mark Danner"
"1470"	"Jennifer Montgomery"
"1471"	"Lewis Desoto"
"1472"	"Duncan Macleod"
"1473"	"Jason Blalock"
"1474"	"Adell Aldrich"
"1475"	"Chris Metzler"
"1476"	"Christine Choy"
"1477"	"Eric Stover"
"1478"	"Brad Beesley"
"1479"	"Ritu Sarin"
"1480"	"Tenzing Sonam"
"1481"	"Darrin Martin"
"1482"	"Nicole Newnham"
"1483"	"Gray Brechin"
"1484"	"Kim Longinotto"
"1485"	"James Shigeta"
"1486"	"Adele Horne"
"1487"	"Peggy Hellweg"
"1488"	"Rebecca Baron"
"1489"	"Laura Parnes"
"1490"	"Jenni Olson"
"1491"	"Chris Hegedus"
"1492"	"Nick Doob"
"1493"	"Ying Liang"
"1494"	"Ping Shan"
"1495"	"Alain Tasma"
"1496"	"Geoff Ramsey"
"1497"	"Jason Saldana"
"1498"	"Woo Jung Cho"
"1499"	"Jean Claude Carriere"
"1500"	"Philip Groening"
"1501"	"Stanley Nelson"
"1502"	"Ahmed Kiarostami"
"1503"	"Pawel Wojtasik"
"1504"	"Tomonaro Nishikawa"
"1505"	"Stacey Steers"
"1506"	"Eric Steel"
"1507"	"Heather Stilin"
"1508"	"Gail Sullivan"
"1509"	"Mary Ann Milford Lutzker"
"1510"	"Anuj Vaidya"
"1511"	"John McManus"
"1512"	"Sean Uyehara"
"1513"	"Mindy Farber"
"1514"	"Ali Kazimi"
"1515"	"David Francis"
"1516"	"Ed Halter"
"1517"	"Frank Pierson"
"1518"	"Akram Zaatari"
"1519"	"Apichatpong Weerasethakul"
"1520"	"Tim Perkis"
"1521"	"Rani Singh"
"1522"	"Eko Supriyanto"
"1523"	"Gina Leibrecht"
"1524"	"David Lee Hoffman"
"1525"	"Charlotte Pryce"
"1526"	"Chris Kennedy"
"1527"	"Paul Clipson"
"1528"	"Rajnesh Domalpalli"
"1529"	"Annie Sundberg"
"1530"	"Kevin Brownlow"
"1531"	"Philippe Falardeau"
"1532"	"Edie Ichioka"
"1533"	"David Ichioka"
"1534"	"Mary Olive Smith"
"1535"	"Steve Engel"
"1536"	"various artists"
"1537"	"Reha Erdem"
"1538"	"Florent Henry"
"1539"	"Olivier Assayas"
"1540"	"Jean Michel Frodon"
"1541"	"Duan Nellie Jia"
"1542"	"Mark Williams"
"1543"	"Doug Cunningham"
"1544"	"Gregory Orr"
"1545"	"Eugene Marks"
"1546"	"Thomas Doherty"
"1547"	"Robert Eberwein"
"1548"	"Daniel Rooney"
"1549"	"Antonia Lant"
"1550"	"Lech Majewski"
"1551"	"Ninetto Davoli"
"1552"	"John Bengtson"
"1553"	"Ariana Gerstein"
"1554"	"Michelle Silva"
"1555"	"Henry Rosenthal"
"1556"	"Niki Karimi"
"1557"	"Martin Rejtman"
"1558"	"Jennifer Phang"
"1559"	"Kiyoshi Kurosawa"
"1560"	"Senain Kheshgi"
"1561"	"Geeta V Patel"
"1562"	"HP Mendoza"
"1563"	"Harvey Smith"
"1564"	"Charlotte Brody"
"1565"	"Jugology"
"1566"	"Jennifer Maytorena Taylor"
"1567"	"Yun Suh"
"1568"	"Ruby Yang"
"1569"	"SFIFFExperimental Shorts"
"1570"	"Paul Van De Carr"
"1571"	"Benjamin Gilmour"
"1572"	"Alexis Zabe"
"1573"	"Suman Mukhopadkyay"
"1574"	"Ursula Meier"
"1575"	"Lou Dematteis"
"1576"	"Kazuo Hara"
"1577"	"Miryam Sas"
"1578"	"Sachiko Kobayashi"
"1579"	"Carlos Sorin"
"1580"	"Pierre Schoeller"
"1581"	"NC Heikin"
"1582"	"Bruce Goldstein"
"1583"	"Pamela Yates"
"1584"	"Christopher Felver"
"1585"	"Gerald Peary"
"1586"	"Mark Berger"
"1587"	"Vivian Hillgrove"
"1588"	"James Quandt"
"1589"	"David Bergad"
"1590"	"Karel Vachek"
"1591"	"Mariposa Film Group"
"1592"	"Nancy Adair"
"1593"	"Andrew Brown"
"1594"	"Sally Gearhart"
"1595"	"Barbara Fischinger"
"1596"	"Lori Hiris"
"1597"	"Yasha Aginsky"
"1598"	"Live Musicians"
"1599"	"Reyna Cowen"
"1600"	"Bill Viola"
"1601"	"Carlos Flores Delpino"
"1602"	"Sebastian Moreno Madrones"
"1603"	"Sebastian Campos"
"1604"	"Sun Xun"
"1605"	"Laurel Fletcher"
"1606"	"Ute Aurand"
"1607"	"Jon Wengstrom"
"1608"	"Maja Oelschlagel"
"1609"	"Ari Marcopoulos"
"1610"	"Zehavit Stern"
"1611"	"Salamanca Group"
"1612"	"Yarden Erez"
"1613"	"Kaveh Askari"
"1614"	"Jonathan Haynes"
"1615"	"Mark Morris"
"1616"	"Kim McLaughlin"
"1617"	"Joseph McBride"
"1618"	"Quique Cruz"
"1619"	"Marilyn Mulford"
"1620"	"Bill Berkson"
"1621"	"RIchard OMoore"
"1622"	"Ross Lipman"
"1623"	"Linda Rugg"
"1624"	"Deann Borshay Liem"
"1625"	"James T Hong"
"1626"	"Yin Ju Chen"
"1627"	"Karin Anna Cheung"
"1628"	"William T. Wiley"
"1629"	"Robert Nelson"
"1630"	"Irene Lusztig"
"1631"	"Mike Henderson"
"1632"	"Mike Ott"
"1633"	"Aaron Katz"
"1634"	"Marcia Scott"
"1635"	"Laura Poitras"
"1636"	"Rusudan Pirveli"
"1637"	"Walter Salles"
"1638"	"Nader Takmil Homayoun"
"1639"	"Andrei Dascalescu"
"1640"	"Jeff Malmberg"
"1641"	"Ronit Avni"
"1642"	"Lixin Fan"
"1643"	"Tim Hetherington"
"1644"	"Pedro Gonzalez Rubio"
"1645"	"Mark Bittner"
"1646"	"Judy Irving"
"1647"	"Brent Green"
"1648"	"Mike Mignola"
"1649"	"Kenny Hall And The Sweets Mill String Band"
"1650"	"Kenny Hall"
"1651"	"Alice Gerrard"
"1652"	"Elizabeth Wichmann Walczak"
"1653"	"Chen Xiaomei"
"1654"	"Bruce Posner"
"1655"	"Lawrence Jordan"
"1656"	"Sid Ganis"
"1657"	"Nancy Hult Ganis"
"1658"	"David Meltzer"
"1659"	"Wilder Bentley"
"1660"	"Anne McGuire"
"1661"	"Eric Schaefer"
"1662"	"Alice Anne Parker"
"1663"	"Skip Sweeney"
"1664"	"Merrill Schleier"
"1665"	"RA McBride"
"1666"	"Julie Lindow"
"1667"	"Katherine Petrin"
"1668"	"Leslie Feist"
"1669"	"Anthony Seck"
"1670"	"Simone Rubi"
"1671"	"Mary Rozzi"
"1672"	"Amanda Elaine Doxtator"
"1673"	"Chuck Hudina"
"1674"	"Federico Windhausen"
"1675"	"Jeff Warren"
"1676"	"Tony Discenza"
"1677"	"Lalitha Gopalan"
"1678"	"Barney Haynes"
"1679"	"Mindaugis Bagdon"
"1680"	"Helen De Michiel"
"1681"	"Gertrud Koch"
"1682"	"Bob Branaman"
"1683"	"Steve Polta"
"1684"	"Trevor Carlton"
"1685"	"Jim Mayer"
"1686"	"John Rogers"
"1687"	"Megan Williams"
"1688"	"Lauren Howes"
"1689"	"Shaleece Haas"
"1690"	"Rodrigo Ojeda Beck"
"1691"	"Lynn True"
"1692"	"Nelson Walker"
"1693"	"Yunah Hong"
"1694"	"Yunte Huang"
"1695"	"Jy Ah Min"
"1696"	"Eyad Zahra"
"1697"	"Patricia Woodbridge"
"1698"	"Jon Shibata"
"1699"	"Aamir Bashir"
"1700"	"Ali Samadi Ahadi"
"1701"	"Dan Geller"
"1702"	"Dayna Goldfine"
"1703"	"Leonard Retel Helmrich"
"1704"	"Yoav Potash"
"1705"	"Alison Bagnall"
"1706"	"Jorge Ruffinelli"
"1707"	"Isabelle Czajika"
"1708"	"Tatiana Huezo"
"1709"	"Risteard ODomnhnaill"
"1710"	"Mila Turajlic"
"1711"	"Sebastien Pilote"
"1712"	"Oscar Godoy"
"1713"	"Katelyn Stiles"
"1714"	"Jonathan Wang"
"1715"	"Nancy Ledesma"
"1716"	"Nathaniel Klein"
"1717"	"Nat Segaloff"
"1718"	"Gene Youngblood"
"1719"	"John Musker"
"1720"	"Fragment"
"1721"	"Alice Waters"
"1722"	"Steve Segal"
"1723"	"Nicolas Pagnol"
"1724"	"Charlie Corriea"
"1725"	"Paul Naas"
"1726"	"Patrick Lake"
"1727"	"Webster Colcord"
"1728"	"John Jota Leanos"
"1729"	"Tom Gibbons"
"1730"	"Steve Elkins"
"1731"	"Eddie Muller"
"1732"	"Julie Kohner"
"1733"	"Adelheid Heftberger"
"1734"	"Charlie Haas"
"1735"	"Peter Conheim"
"1736"	"Brandon W Joseph"
"1737"	"Jennifer Pranolo"
"1738"	"Pamela Jean Vadakan"
"1739"	"Dwight Swanson"
"1740"	"Sandra Ristovksa"
"1741"	"Phil Tippett"
"1742"	"Nicolas Pereda"
"1743"	"Robert Koehler"
"1744"	"Barry Jenkins"
"1745"	"River runs through it"
"1746"	"Mark Isham"
"1747"	"Various speakers"
"1748"	"Orlanda de Azevedo"
"1749"	"Byron Q"
"1750"	"Mark del Lima"
"1751"	"S. Leo Chiang"
"1752"	"Cherylene Lee"
"1753"	"Virginia Lee"
"1754"	"Richard Rutkowski"
"1755"	"Chickie Otani"
"1756"	"Deborah Nadoolman Landis"
"1757"	"John Landis"
"1758"	"Aggie Guerard Rodgers"
"1759"	"James Ivory"
"1760"	"Jerome Hiler"
"1761"	"Gregory Scharpen"
"1762"	"Jodi Wille"
"1763"	"John Haptas"
"1764"	"Kristine Samuelson"
"1765"	"Nicholas Bruckman"
"1766"	"Jamie Meltzer"
"1767"	"Micha X Peled"
"1768"	"Pema Tseden"
"1769"	"Goncalo Tocha"
"1770"	"Gabriel Marino"
"1771"	"Tatiana Graullera"
"1772"	"Matthew Akers"
"1773"	"Jeff Dupre"
"1774"	"Paul Lacoste"
"1775"	"Pierre Rissient"
"1776"	"Victor Kossakovsky"
"1777"	"Davy Chou"
"1778"	"Rania Attieh"
"1779"	"Daniel Garcia"
"1780"	"Kathryn Wilson"
"1781"	"Benjamin Kahlmeyer"
"1782"	"Boris Frank"
"1783"	"Dennis Lim"
"1784"	"Various student filmmakers"
"1785"	"Curtiss Clayton"
"1786"	"Cecilia Peck"
"1787"	"Gerard Gaxiola"
"1788"	"Lamia Joreige"
"1789"	"Apsara Di Quinzio"
"1790"	"Leigh Raiford"
"1791"	"Ed Pansullo"
"1792"	"Pierre Desir"
"1793"	"Zeinabu Irene Davis"
"1794"	"Alicia Dhanifu"
"1795"	"Jeff Lambert"
"1796"	"Yoko Sugiura Nancarrow"
"1797"	"Mako Nancarrow"
"1798"	"Trimpin"
"1799"	"Charles Amirkhanian"
"1800"	"John Smith"
"1801"	"Jeff Kelley"
"1802"	"Christopher Pavsek"
"1803"	"Damon Young"
"1804"	"Jim Nisbet"
"1805"	"Jonathan Winters"
"1806"	"Musical guests"
"1807"	"Barry Spinello"
"1808"	"Bernie Krause"
"1809"	"Gaetano Kazuo Maida"
"1810"	"Stan Lai"
"1811"	"Guetty Felin"
"1812"	"Jennifer ??"
"1813"	"Linda Haverty Rugg"
"1814"	"Weihong Bao"
"1815"	"Kenji Uchida"
"1816"	"Daniel L Miller"
"1817"	"Leandro Katz"
"1818"	"Marcelo Lordello"
"1819"	"Harrod Blank"
"1820"	"John Else"
"1821"	"Ernesto Foronda"
"1822"	"Valerie Stadler"
"1823"	"Ryan White"
"1824"	"Dan Krauss"
"1825"	"Various PFA curators"
"1826"	"Marcel Geiser"
"1827"	"Thomas Gleeson"
"1828"	"Treva Wurmfeld"
"1829"	"Amy Hobby"
"1830"	"James Sansing"
"1831"	"Kalyanee Mam"
"1832"	"Chris Brown"
"1833"	"Martha Shane"
"1834"	"Lana Wilson"
"1835"	"Greg O Toole"
"1836"	"Raoul Peck"
"1837"	"Mika Mattila"
"1838"	"Bahram Beyzaie"
"1839"	"Jason Osder"
"1840"	"Nels Bangerter"
"1841"	"Peter Galison"
"1842"	"Kaspar Astrup Schroder"
"1843"	"Schawn Belston"
"1844"	"Various filmmakers"
"1845"	"Andy Gillet"
"1846"	"Elliot Lavine"
"1847"	"Nicholas Kazan"
"1848"	"Daniel Clowes"
"1849"	"Özgür Yaren"
"1850"	"Chuck Jones"
"1851"	"Marilyn Goldin"
"1852"	"Angela Johnson"
"1853"	"Irvin Kershner"
"1854"	"Les Camisards"
"1855"	"Rene Allio"
"1856"	"Lenny Levy"
"1857"	"Jerome Gary"
"1858"	"Agnes Godard"
"1859"	"Sam Pollard"
"1860"	"Last Year At Marienbad"
"1861"	"Pull My Daisy"
"1862"	"Dave Kehr"
"1863"	"Michael Fox"
"1864"	"Yang Fudong"
"1865"	"Philippe Pirotte"
"1866"	"William Friedkin"
"1867"	"Nancy Andrews"
"1868"	"Moumen Smihi"
"1869"	"Anne Walsh"
"1870"	"Paul Chan"
"1871"	"Ted Purves"
"1872"	"Peter Limbrick"
"1873"	"Nuno Lisboa"
"1874"	"Susana de Sousa Dias"
"1875"	"Susan Lynch"
"1876"	"Josef Lindner"
"1877"	"Jeanne C Finley"
"1878"	"Emily Carpenter"
"1879"	"Robert Birgeneau"
"1880"	"Rick Ayers"
"1881"	"Dilip Basu"
"1882"	"Anthony Chen"
"1883"	"Trip Hope"
"1884"	"Ben Chang"
"1885"	"Max Alvarez"
"1886"	"Baby Ruth Villarama"
"1887"	"Chuck Gutierrez"
"1888"	"Kamran Shirdel"
"1889"	"Hamid Naficy"
"1890"	"Ross McElwee"
"1891"	"Atsushi Funahashi"
"1892"	"Akira Mizuta Lippit"
"1893"	"David Slater"
"1894"	"Various Curators"
"1895"	"Meera Menon"
"1896"	"Rea Tajiri"
"1897"	"Visra Vichit Vadakan"
"1898"	"Pat Jackson"
"1899"	"Sara Dosa"
"1900"	"JP Sniadecki"
"1901"	"Zeresenay Berhane Mehari"
"1902"	"Paul Zaentz"
"1903"	"Susan Shillinglaw"
"1904"	"Neto Villalobos"
"1905"	"Bruce Baillie"
"1906"	"Lucien Castaing Taylor"
"1907"	"Sam Cullman"
"1908"	"Jennifer Grausman"
"1909"	"Julie Downing"
"1910"	"Hubert Sauper"
"1911"	"Christy Hale"
"1912"	"Emily Hubley"
"1913"	"Kevin Consey"
"1914"	"Tipu Purkayastha"
"1915"	"Amanda Forbis"
"1916"	"Wendy Tilby"
"1917"	"Mariana Rondon"
"1918"	"Laura Heit"
"1919"	"Alexia Smith"
"1920"	"Lea Lyon"
"1921"	"Teri Sloat"
"1922"	"Elisa Kleven"
"1923"	"Dawn Logsdon"
"1924"	"Kyung Lee"
"1925"	"Antonella Bonfanti"
"1926"	"Bill Nichols"
"1927"	"Nana Janelidze"
"1928"	"Lynne Hollander Savio"
"1929"	"Frank Bardacke"
"1930"	"Linda Attel"
"1931"	"Eldar Shengelaia"
"1932"	"Michael Smith"
"1933"	"Gar Smith"
"1934"	"Erik Ulman"
"1935"	"Peter Rollberg"
"1936"	"Pooja Rangan"
"1937"	"Christopher C Kutz"
"1938"	"Nino Dzandzava"
"1939"	"Trio Kavkasia"
"1940"	"Alan Gasser"
"1941"	"Carl Linich"
"1942"	"Stuart Gelzer"
"1943"	"Matthew Lasar"
"1944"	"Richard Suchenski"
"1945"	"Levan Koguashvili"
"1946"	"Peter Bagrov"
"1947"	"Monica Lam"
"1948"	"Best Foot Forward"
"1949"	"Mary Helena Clark"
"1950"	"Linda Scobie"
"1951"	"Karly Stark"
"1952"	"Cheryl Haines"
"1953"	"Rosa von Praunheim"
"1954"	"Viola Dana"
"1955"	"Peter von Bagh"
"1956"	"John Frankenheimer"
"1957"	"King Vidor"
"1958"	"Guo juin Hong"
"1959"	"Raymond Durgnat"
"1960"	"Haiti action committee"
"1961"	"Federico Elton"
"1962"	"Mujahid Sarsur"
"1963"	"Blackbird Descending"
"1964"	"Walter Gutman"
"1965"	"La Notte Brava"
"1966"	"Gian Piero Brunetta"
"1967"	"Paul Schrader"
"1968"	"Hollis Frampton"
"1969"	"Ondine"
"1970"	"Robert Olivo"
"1971"	"Tom Vick"
"1972"	"Lana Gogoberidze"
"1973"	"Eric Baudelaire"
"1974"	"Joseph del Pesco"
"1975"	"Mati Diop"
"1976"	"Genevieve Yue"
"1977"	"Mark Webber"
"1978"	"Nino Kirtadze"
"1979"	"Michael Zyrd"
"1980"	"Michael Guillen"
"1981"	"Thomas Allen Harris"
"1982"	"Unknown"
"1983"	"Victor Erice"
"1984"	"Richard Pena"
"1985"	"Yes Men"
"1986"	"Natalia Brizuela"
"1987"	"Sean San Jose"
"1988"	"B Ruby Rich"
"1989"	"Sarah Keller"
"1990"	"Trajal Harrell"
"1991"	"Kate Mattingly"
"1992"	"Megan Hoetger"
"1993"	"Jane Gillooly"
"1994"	"Bruce Beasley"
"1995"	"Lisa Wymore"
"1996"	"Shannon Jackson"
"1997"	"Slavek Horak"
"1998"	"Rokhsareh Ghaem Maghami"
"1999"	"Peter Middleton"
"2000"	"James Spinney"
"2001"	"Mel Chen"
"2002"	"Julia Bryan Wilson"
"2003"	"Joao Moreira Salles"
"2004"	"Stephen Best"
"2005"	"Jonathan Lethem"
"2006"	"Dana Giola"
"2007"	"Kay Ryan"
"2008"	"Tomer Heymann"
"2009"	"Mike Plunkett"
"2010"	"Anna Rose Holmer"
"2011"	"Andrew Feinstein"
"2012"	"Danny Glover"
"2013"	"Babek Jalali"
"2014"	"Pascale Breton"
"2015"	"Leonard Gardner"
"2016"	"Sonia Kennebeck"
"2017"	"Ines Hofmann Kanna"
"2018"	"Dan Simon"
"2019"	"Philip Kaufman"
"2020"	"Oscar Bucher"
"2021"	"Tony Milosz"
"2022"	"Robert Hass"
"2023"	"Teresa Rozanovska"
"2024"	"Juozas Javaitis"
"2025"	"Katrina Dodson"
"2026"	"Harsha Ram"
"2027"	"Karpo Godina"
"2028"	"Davorin Marc"
"2029"	"Jurij Meden"
"2030"	"Dean Yamada"
"2031"	"Khalo Matabane"
"2032"	"Gillian Hart"
"2033"	"John Pirozzi"
"2034"	"Bochan"
"2035"	"Max Goldberg"
"2036"	"Ham Tran"
"2037"	"Suboi"
"2038"	"Pavle Levi"
"2039"	"Christian Bruno"
"2040"	"Natalija Vekic"
"2041"	"Molly Raynor"
"2042"	"Donte Clark"
"2043"	"Rajiv Smith Mahabir"
"2044"	"Stevan Riley"
"2045"	"Laura Bispuri"
"2046"	"Flonja Kodheli"
"2047"	"Juan Francisco Olea"
"2048"	"Leah Wolchok"
"2049"	"Laurent Becue Renard"
"2050"	"Zachary Epcar"
"2051"	"Ryan Marino"
"2052"	"Drea Cooper"
"2053"	"Hajooj Kuka"
"2054"	"Eryk Rocha"
"2055"	"Nick Mamatas"
"2056"	"Marie Brennan"
"2057"	"Richard Kadrey"
"2058"	"VE Schwab"
"2059"	"Naamen Tilahun"
"2060"	"Siciliano Trevino"
"2061"	"David Webb Peoples"
"2062"	"Ramona Nadaff"
"2063"	"Idra Novey"
"2064"	"Dana Spiotta"
"2065"	"Marilyn Fu"
"2066"	"Willa Cuthrell"
"2067"	"Kal Penn"
"2068"	"Minh Nguyen Vo"
"2069"	"Bao Nguyen"
"2070"	"Josh Keppel"
"2071"	"Jimmy Chin"
"2072"	"Kurt Kren"
"2073"	"Jules Engel"
"2074"	"Teiji Ito"
"2075"	"Cherel Ito"
"2076"	"David Larcher"
"2077"	"Felix Greene"
"2078"	"Mikhail Suslov"
"2079"	"Vera Chytiloya"
"2080"	"Hank Boehm"
"2081"	"Gianfranco Mingozzi"
"2082"	"Shirley Clarke"
"2083"	"Billy Woodberry"
"2084"	"Larry Clark"
"2085"	"Lelia Goldoni"
"2086"	"Leonard Nimoy"
"2087"	"Peter Callas"
"2088"	"Marva Nabili"
"2089"	"Nicholas McGegan"
"2090"	"Lucinda Barnes"
"2091"	"Hayoun Kwon"
"2092"	"Zhou hou"
"2093"	"Rachel Stern"
"2094"	"Peter N Carroll"
"2095"	"Darcy Grimaldo Grigsby"
"2096"	"Makeda Best"
"2097"	"Gibbs Chapman"
"2098"	"Turbine"
"2099"	"Alanis Obomsawin"
"2100"	"Joanne Barker"
"2101"	"Corinna Gould"
"2102"	"Madeline Anderson"
"2103"	"Orlando Bagwell"
"2104"	"David Peoples"
"2105"	"Janet Peoples"
"2106"	"Justin Desmangles"
"2107"	"Greg Castillo"
"2108"	"Sergei Loznitsa"
"2109"	"Neil Young"
"2110"	"Waldo E Martin"
"2111"	"Kasper Collin"
"2112"	"Laura Gabriela Duke"
"2113"	"Michael Cohen"
"2114"	"Sean Burns"
"2115"	"Anthony Raynsford"
"2116"	"Bonnie Ora Sherk"
"2117"	"Lisa Uddin"
"2118"	"Paz Encina"
"2119"	"Pamela Kramlich"
"2120"	"Richard Kramlich"
"2121"	"Lawrence Rinder"
"2122"	"Bernadette Williams"
"2123"	"Anne Flatte"
"2124"	"Gina Leibrect"
"2125"	"Owsley Brown"
"2126"	"Father David Cesar"
"2127"	"Christy McGill"
"2128"	"Peter Coyote"
"2129"	"Stefan Tolz"
"2130"	"Thomas Reidelsheimer"
"2131"	"Leslie Hills"
"2132"	"Li Zixin"
"2133"	"Ginger Wei"
"2134"	"Zhang Hanyi"
"2135"	"Rahmatou Keita"
"2136"	"Magaajyia Silberfield"
"2137"	"Natacha Ruck"
"2138"	"Nele Wohlatz"
"2139"	"Mary Curtis Ratcliff"
"2140"	"Linda Davis"
"2141"	"Lawrence Lerew"
"2142"	"Catherine Ryan"
"2143"	"Alexander Horwath"
"2144"	"Geoff Dyer"
"2145"	"Angela Zawadzki"
"2146"	"Juan Carlos Rulfo"
"2147"	"Gemi Gonzalez"
"2148"	"Doug Nichol"
"2149"	"Ken Alexander"
"2150"	"Jeremy Mayer"
"2151"	"Steve Wasserman"
"2152"	"Herbert Permillion III"
"2153"	"Caroline Paul"
"2154"	"Carol Christ"
"2155"	"David Neidorf"
"2156"	"Nathan Sayre"
"2157"	"Joshua Jelly Schapiro"
"2158"	"Natasha Boas"
"2159"	"Robert del Bonta"
"2160"	"Max Nelson"
"2161"	"Apsara DiQuinzio"
"2162"	"Douglas Dreishpoon"
"2163"	"Lauren Kroiz"
"2164"	"Jeff Gunderson"
"2165"	"Alexander Nemerov"
"2166"	"Andrew F. Jones"
"2167"	"Paul Fonoroff"
"2168"	"Tina Sacks"
"2169"	"Ken Light"
"2170"	"Yingjin Zhang"
"2171"	"Paolo Cirio"
"2172"	"Shiyee Liu"
"2173"	"Tamara Bentley"
"2174"	"Kevin Jerome Everson"
"2175"	"Michael B Gillespie"
"2176"	"Edgar Arceneaux"
"2177"	"Peter Mettler"
"2178"	"Karen Wilkinson"
"2179"	"Sherry Huss"
"2180"	"Elliot Davis"
"2181"	"Maya Raiford Cohen"
"2182"	"Agnes Varda"
"2183"	"Tsvi Strauch"
"2184"	"Vishnu Dass"
"2185"	"Sara Jordeno"
"2186"	"Stathis Gerostathopoulos"
"2187"	"My love affair with the brain"
"2188"	"Gary Weimberg"
"2189"	"Rachel Kushner"
"2190"	"Robert Scheer"
"2191"	"Stephanie Cannizzo"
"2192"	"Ben Davis"
"2193"	"Rene de Guzman"
"2194"	"Deena Chalabi"
"2195"	"Claude Jarman Jr"
"2196"	"Sophie Calle"
"2197"	"Evelyne Jouanno"
"2198"	"Sarah Weinman"
"2199"	"Karen Thorsen"
"2200"	"Claudio Caldini"
"2201"	"Jon Davies"
"2202"	"Tyler Hubby"
"2203"	"Eleanor Coppola"
"2204"	"Constance Llewellyn"
"2205"	"Sean Corcoran"
"2206"	"Yasmin Ramirez"
"2207"	"Barry Blinderman"
"2208"	"Jane Dickson"
"2209"	"Lee Felsenstein"
"2210"	"Fred Turner"
"2211"	"Deborah Oropallo"
"2212"	"Mark Greif"
"2213"	"Scott Saul"
"2214"	"Dennis Russell Davies"
"2215"	"Charles Boone"
"2216"	"Lou Harrison cherish conserve create"
"2217"	"Rina Castelnuovo"
"2218"	"Tamir Elterman"
"2219"	"Chico Pereira"
"2220"	"Judith Butler"
"2221"	"Maggie Nelson"
"2222"	"Michael Armitage"
"2223"	"Susan Chainey"
"2224"	"Hulleah J Tsinhnahjinnie"
"2225"	"Melissa Nelson"
"2226"	"Nick Farmer"
"2227"	"David J Peterson"
"2228"	"Devorah Majors"
"2229"	"Al Young"
"2230"	"Laura Truffaut"
"2231"	"Judy Fiskin"
"2232"	"Jeanne Finley"
"2233"	"Vijay Anderson"
"2234"	"Ken Ueno"
"2235"	"Adam Nilsen"
"2236"	"Angela Lopez Ruiz"
"2237"	"Tony Pipolo"
"2238"	"Charlene Stern"
"2239"	"Edward Wasserman"
"2240"	"Manu Meel"
"2241"	"Luis Tenorio"
"2242"	"Ben Stern"
"2243"	"Simone Traenique Dill"
"2244"	"Ira Glasser"
"2245"	"Luis Ospina"
"2246"	"Liv Ullmann"
"2247"	"Jordan Stein"
"2248"	"Richard Vinograd"
"2249"	"Philip Kafalas"
"2250"	"Bull Miletic"
"2251"	"Emily Jacir"
"2252"	"Country Joe McDonald"
"2253"	"Robert N. Zagone"
"2254"	"William Guynn"
"2255"	"Joan Neuberger"
"2256"	"Ousmane Sembene"
"2257"	"Brenno Kaneyasu Maranhão"
"2258"	"Roberto Hernandez"
"2259"	"Layda Negrete"
"2260"	"Garbine Ortega"
"2261"	"Laida Lertxundi"
"2262"	"Harriet Scott Chessman"
"2263"	"Emily Chao"
"2264"	"Anna Serner"
"2265"	"Simon Lereng Wilmont"
"2266"	"Nathaniel Kahn"
"2267"	"Tooth"
"2268"	"RaMell Ross"
"2269"	"Sandi Tan"
"2270"	"Hans Block"
"2271"	"James Mockocki"
"2272"	"Shari Huhndorf"
"2273"	"Mark Eisner"
"2274"	"Bart Testa"
"2275"	"Joseph Leo Koerner"
"2276"	"Sasha Waters Freyer"
"2277"	"Jennifer Kroot"
"2278"	"Jon Winet"
"2279"	"Hossein Khosrowjah"
"2280"	"Margherita Ghetti"
"2281"	"Elena Shtromberg"
"2282"	"Oscar Munoz"
"2283"	"Rodrigo Barriuso"
"2284"	"Sebastian Barriuso"
"2285"	"Srbijanka Turajlic"
"2286"	"Silvina Schnicer"
"2287"	"Ulises Porra Guardiola"
"2288"	"Bing Liu"
"2289"	"Jim Lebrecht"
"2290"	"Diane Quon"
"2291"	"Yance Ford"
"2292"	"Cherilyn Parsons"
"2293"	"Edward Frenkel"
"2294"	"Tom Barbash"
"2295"	"Christian Kiefer"
"2296"	"Jane Ciabattari"
"2297"	"Carlos Javier Ortiz"
"2298"	"Jayne Loader"
"2299"	"Kelly Sears"
"2300"	"Sabrina Klein"
"2301"	"Jonathan Berger"
"2302"	"Rinde Eckert"
"2303"	"Van-Ahn Vo"
"2304"	"Drew Cameron"
"2305"	"Kronos Quartet"
"2306"	"David Harrington"
"2307"	"Lawrence Rinder Mark Johnson Claire Carlevaro Jack von Euw Kevin Killian"
"2308"	"Carme Pinos"
"2309"	"Eric McDougall"
"2310"	"Trevor Paglen"
"2311"	"Edward L Ayers"
"2312"	"Peter Cozzens"
"2313"	"Joel Richard Paul"
"2314"	"T J Stiles"
"2315"	"Rebecca Solnit"
"2316"	"Dacher Keltner"
"2317"	"Dan Kammen"
"2318"	"Dena Beard"
"2319"	"Jeffrey Spahn"
"2320"	"Sandra Phillips"
"2321"	"Keith Wilson"
"2322"	"Brett Goodroad"
"2323"	"Terry Cannon"
"2324"	"Nicole Sobecki"
"2325"	"Dominic Campbell"
"2326"	"Ronald Rael"
"2327"	"Lynda Grose"
"2328"	"Kim Anno"
"2329"	"Stephan Crawford"
"2330"	"Rafael Alarcon"
"2331"	"Catherine Lusheck"
